quarantine_duplicate	.omx/auto_memory_snapshot_20260504T230223Z/MEMORY.md
quarantine_duplicate	.omx/auto_memory_snapshot_20260504T230223Z/feedback_500_budget_multiday_arc.md
quarantine_duplicate	.omx/auto_memory_snapshot_20260504T230223Z/feedback_absolute_rules.md
quarantine_duplicate	.omx/auto_memory_snapshot_20260504T230223Z/feedback_ad_hoc_scripts.md
quarantine_duplicate	.omx/auto_memory_snapshot_20260504T230223Z/feedback_adaptive_formula_errors.md
quarantine_duplicate	.omx/auto_memory_snapshot_20260504T230223Z/feedback_always_tmux.md
quarantine_duplicate	.omx/auto_memory_snapshot_20260504T230223Z/feedback_architecture_is_the_score.md
quarantine_duplicate	.omx/auto_memory_snapshot_20260504T230223Z/feedback_arithmetic_qint_codec_pr106_latents_unviable_brotli_already_below_entropy_20260504.md
quarantine_duplicate	.omx/auto_memory_snapshot_20260504T230223Z/feedback_artifact_recovery_canonical_workflow_20260428.md
quarantine_duplicate	.omx/auto_memory_snapshot_20260504T230223Z/feedback_audit_pr106_revival_plans_consolidated_findings_20260504.md
quarantine_duplicate	.omx/auto_memory_snapshot_20260504T230223Z/feedback_auth_eval_only.md
quarantine_duplicate	.omx/auto_memory_snapshot_20260504T230223Z/feedback_auth_eval_workflow.md
quarantine_duplicate	.omx/auto_memory_snapshot_20260504T230223Z/feedback_auto_auth_eval.md
quarantine_duplicate	.omx/auto_memory_snapshot_20260504T230223Z/feedback_avoid_korea_vastai.md
quarantine_duplicate	.omx/auto_memory_snapshot_20260504T230223Z/feedback_bash_harness_kills_long_running_tasks_20260428.md
quarantine_duplicate	.omx/auto_memory_snapshot_20260504T230223Z/feedback_bash_run_in_background_kills_vastai_dispatch_20260430.md
quarantine_duplicate	.omx/auto_memory_snapshot_20260504T230223Z/feedback_bat00_issues.md
quarantine_duplicate	.omx/auto_memory_snapshot_20260504T230223Z/feedback_bat00_ssh_fragility.md
quarantine_duplicate	.omx/auto_memory_snapshot_20260504T230223Z/feedback_battle_plan_as_durable_state.md
quarantine_duplicate	.omx/auto_memory_snapshot_20260504T230223Z/feedback_block_fp_codec_pr106_unviable_at_default_ternary_20260504.md
quarantine_duplicate	.omx/auto_memory_snapshot_20260504T230223Z/feedback_branch_discipline.md
quarantine_duplicate	.omx/auto_memory_snapshot_20260504T230223Z/feedback_budget_30_day_team_parallel_20260429.md
quarantine_duplicate	.omx/auto_memory_snapshot_20260504T230223Z/feedback_canonical_deploy.md
quarantine_duplicate	.omx/auto_memory_snapshot_20260504T230223Z/feedback_canonical_e2e_smoke_PERMANENT_GUARD_20260428.md
quarantine_duplicate	.omx/auto_memory_snapshot_20260504T230223Z/feedback_canonical_git_sync_pattern_20260428.md
quarantine_duplicate	.omx/auto_memory_snapshot_20260504T230223Z/feedback_canonical_lane_lifecycle_DECISION_TREE_20260428.md
quarantine_duplicate	.omx/auto_memory_snapshot_20260504T230223Z/feedback_canonical_nvdec_workflow_GUARD_20260428.md
quarantine_duplicate	.omx/auto_memory_snapshot_20260504T230223Z/feedback_canonical_parent_shell_launcher_20260428.md
quarantine_duplicate	.omx/auto_memory_snapshot_20260504T230223Z/feedback_canonical_pipeline_standard.md
quarantine_duplicate	.omx/auto_memory_snapshot_20260504T230223Z/feedback_canonical_remote_bootstraps.md
quarantine_duplicate	.omx/auto_memory_snapshot_20260504T230223Z/feedback_catastrophic_failures_20260421.md
quarantine_duplicate	.omx/auto_memory_snapshot_20260504T230223Z/feedback_check_42_train_inference_parity_20260428.md
quarantine_duplicate	.omx/auto_memory_snapshot_20260504T230223Z/feedback_check_43_tarball_anchor_parity_20260428.md
quarantine_duplicate	.omx/auto_memory_snapshot_20260504T230223Z/feedback_check_64_smoke_proofs_resolved_AND_subagent_serializer_landed_20260429.md
quarantine_duplicate	.omx/auto_memory_snapshot_20260504T230223Z/feedback_check_72_73_lane_hardening_landed_20260429.md
quarantine_duplicate	.omx/auto_memory_snapshot_20260504T230223Z/feedback_check_82_83_landed_council_round3_prescription_20260429.md
quarantine_duplicate	.omx/auto_memory_snapshot_20260504T230223Z/feedback_check_85_metric_key_display_bug_landed_20260429.md
quarantine_duplicate	.omx/auto_memory_snapshot_20260504T230223Z/feedback_code_quality_standard.md
quarantine_duplicate	.omx/auto_memory_snapshot_20260504T230223Z/feedback_codex_detach_pattern_works_20260429.md
quarantine_duplicate	.omx/auto_memory_snapshot_20260504T230223Z/feedback_codex_partner_coordination_state_20260501T1310Z.md
quarantine_duplicate	.omx/auto_memory_snapshot_20260504T230223Z/feedback_codex_review_3_findings_fixed_20260428.md
quarantine_duplicate	.omx/auto_memory_snapshot_20260504T230223Z/feedback_codex_review_5_findings_FIXED_20260428.md
quarantine_duplicate	.omx/auto_memory_snapshot_20260504T230223Z/feedback_codex_sandbox_blocks_vastai_dns_20260428.md
quarantine_duplicate	.omx/auto_memory_snapshot_20260504T230223Z/feedback_complete_experiment_records.md
quarantine_duplicate	.omx/auto_memory_snapshot_20260504T230223Z/feedback_compliance_archive.md
quarantine_duplicate	.omx/auto_memory_snapshot_20260504T230223Z/feedback_compress_time_unlimited_archive_small_20260428.md
quarantine_duplicate	.omx/auto_memory_snapshot_20260504T230223Z/feedback_compute_budget_hundreds_of_dollars_20260428.md
quarantine_duplicate	.omx/auto_memory_snapshot_20260504T230223Z/feedback_concurrent_subagent_commit_message_swap_20260429.md
quarantine_duplicate	.omx/auto_memory_snapshot_20260504T230223Z/feedback_council_10_member_inner_grand_council_advisory_20260429.md
quarantine_duplicate	.omx/auto_memory_snapshot_20260504T230223Z/feedback_council_decides_design.md
quarantine_duplicate	.omx/auto_memory_snapshot_20260504T230223Z/feedback_council_peak_performance.md
quarantine_duplicate	.omx/auto_memory_snapshot_20260504T230223Z/feedback_crf_distribution_shift.md
quarantine_duplicate	.omx/auto_memory_snapshot_20260504T230223Z/feedback_curriculum_must_use_full_score.md
quarantine_duplicate	.omx/auto_memory_snapshot_20260504T230223Z/feedback_cycle_1_launch_postmortem_20260428.md
quarantine_duplicate	.omx/auto_memory_snapshot_20260504T230223Z/feedback_dead_flag_wiring_pattern.md
quarantine_duplicate	.omx/auto_memory_snapshot_20260504T230223Z/feedback_dead_resolver_violations_20260427.md
quarantine_duplicate	.omx/auto_memory_snapshot_20260504T230223Z/feedback_decode_on_target.md
quarantine_duplicate	.omx/auto_memory_snapshot_20260504T230223Z/feedback_deep_hardening_pass_2_patterns_20260428.md
quarantine_duplicate	.omx/auto_memory_snapshot_20260504T230223Z/feedback_deep_hardening_pass_3_patterns_20260428.md
quarantine_duplicate	.omx/auto_memory_snapshot_20260504T230223Z/feedback_default_to_convenience_trap.md
quarantine_duplicate	.omx/auto_memory_snapshot_20260504T230223Z/feedback_design_preferences.md
quarantine_duplicate	.omx/auto_memory_snapshot_20260504T230223Z/feedback_deterministic_reproducibility_nonneg.md
quarantine_duplicate	.omx/auto_memory_snapshot_20260504T230223Z/feedback_distribution_shift.md
quarantine_duplicate	.omx/auto_memory_snapshot_20260504T230223Z/feedback_documentation_citations.md
quarantine_duplicate	.omx/auto_memory_snapshot_20260504T230223Z/feedback_dont_abandon_high_score_lanes_for_stacking_20260428.md
quarantine_duplicate	.omx/auto_memory_snapshot_20260504T230223Z/feedback_dual_lane_always.md
quarantine_duplicate	.omx/auto_memory_snapshot_20260504T230223Z/feedback_dx_patterns.md
quarantine_duplicate	.omx/auto_memory_snapshot_20260504T230223Z/feedback_dx_rigor.md
quarantine_duplicate	.omx/auto_memory_snapshot_20260504T230223Z/feedback_engineering_approach.md
quarantine_duplicate	.omx/auto_memory_snapshot_20260504T230223Z/feedback_eval_roundtrip_everywhere_FINAL.md
quarantine_duplicate	.omx/auto_memory_snapshot_20260504T230223Z/feedback_every_script_crashes_first_run.md
quarantine_duplicate	.omx/auto_memory_snapshot_20260504T230223Z/feedback_everything_configurable.md
quarantine_duplicate	.omx/auto_memory_snapshot_20260504T230223Z/feedback_existing_fridrich_code.md
quarantine_duplicate	.omx/auto_memory_snapshot_20260504T230223Z/feedback_fast_chip_directive_no_waiting_20260501.md
quarantine_duplicate	.omx/auto_memory_snapshot_20260504T230223Z/feedback_ffmpeg_svtav1_deploy.md
quarantine_duplicate	.omx/auto_memory_snapshot_20260504T230223Z/feedback_film_eval_no_poses_critical.md
quarantine_duplicate	.omx/auto_memory_snapshot_20260504T230223Z/feedback_fix_all_severities.md
quarantine_duplicate	.omx/auto_memory_snapshot_20260504T230223Z/feedback_forensics_no_self_artifacts.md
quarantine_duplicate	.omx/auto_memory_snapshot_20260504T230223Z/feedback_free_tier_only.md
quarantine_duplicate	.omx/auto_memory_snapshot_20260504T230223Z/feedback_free_tier_priority.md
quarantine_duplicate	.omx/auto_memory_snapshot_20260504T230223Z/feedback_fridrich_gender.md
quarantine_duplicate	.omx/auto_memory_snapshot_20260504T230223Z/feedback_full_six_month_plan_aggressive_no_shortcuts_20260430.md
quarantine_duplicate	.omx/auto_memory_snapshot_20260504T230223Z/feedback_gcp_safety.md
quarantine_duplicate	.omx/auto_memory_snapshot_20260504T230223Z/feedback_git_reset_nukes_anchors_20260429.md
quarantine_duplicate	.omx/auto_memory_snapshot_20260504T230223Z/feedback_gpu_is_cpu_lane.md
quarantine_duplicate	.omx/auto_memory_snapshot_20260504T230223Z/feedback_gpu_tiering_strategy.md
quarantine_duplicate	.omx/auto_memory_snapshot_20260504T230223Z/feedback_grand_council_imp_permanent_fix_review_20260430.md
quarantine_duplicate	.omx/auto_memory_snapshot_20260504T230223Z/feedback_grand_council_imp_train_distill_swap_design_20260430.md
quarantine_duplicate	.omx/auto_memory_snapshot_20260504T230223Z/feedback_grand_council_pcc2_comment_only_contracts_20260430.md
quarantine_duplicate	.omx/auto_memory_snapshot_20260504T230223Z/feedback_grand_council_pcc3_stats_consistency_20260430.md
quarantine_duplicate	.omx/auto_memory_snapshot_20260504T230223Z/feedback_grand_council_pcc4_kill_memory_review_enforcement_20260430.md
quarantine_duplicate	.omx/auto_memory_snapshot_20260504T230223Z/feedback_grand_council_recursive_greenup_shannon_floor_20260501.md
quarantine_duplicate	.omx/auto_memory_snapshot_20260504T230223Z/feedback_greenup_protocol.md
quarantine_duplicate	.omx/auto_memory_snapshot_20260504T230223Z/feedback_half_frame_breaks_posenet.md
quarantine_duplicate	.omx/auto_memory_snapshot_20260504T230223Z/feedback_hardware_quantization_disclosure_20260428.md
quarantine_duplicate	.omx/auto_memory_snapshot_20260504T230223Z/feedback_hwc_chw_format_boundary.md
quarantine_duplicate	.omx/auto_memory_snapshot_20260504T230223Z/feedback_hybrid_cg_dead.md
quarantine_duplicate	.omx/auto_memory_snapshot_20260504T230223Z/feedback_immutable_artifacts.md
quarantine_duplicate	.omx/auto_memory_snapshot_20260504T230223Z/feedback_imp_dispatch_shape_mismatch_fix_20260430.md
quarantine_duplicate	.omx/auto_memory_snapshot_20260504T230223Z/feedback_imp_local_backport_landed_20260430.md
quarantine_duplicate	.omx/auto_memory_snapshot_20260504T230223Z/feedback_inflate_time_budget.md
quarantine_duplicate	.omx/auto_memory_snapshot_20260504T230223Z/feedback_inflate_time_strategy.md
quarantine_duplicate	.omx/auto_memory_snapshot_20260504T230223Z/feedback_int8_masks_everywhere.md
quarantine_duplicate	.omx/auto_memory_snapshot_20260504T230223Z/feedback_kl_distill_posenet_regression.md
quarantine_duplicate	.omx/auto_memory_snapshot_20260504T230223Z/feedback_lab_grade_everything.md
quarantine_duplicate	.omx/auto_memory_snapshot_20260504T230223Z/feedback_lane_7_psd_kill_commit_blocked_by_preexisting_check_83_20260430.md
quarantine_duplicate	.omx/auto_memory_snapshot_20260504T230223Z/feedback_lane_gp_v4_commit_blocked_by_parallel_halfframe_violation_20260430.md
quarantine_duplicate	.omx/auto_memory_snapshot_20260504T230223Z/feedback_lane_pd_savings_overstated_in_docstring_20260429.md
quarantine_duplicate	.omx/auto_memory_snapshot_20260504T230223Z/feedback_lane_rm_d_auth_eval_0mkv_BUG_20260428.md
quarantine_duplicate	.omx/auto_memory_snapshot_20260504T230223Z/feedback_lane_s_motion_head_shape_mismatch_20260428.md
quarantine_duplicate	.omx/auto_memory_snapshot_20260504T230223Z/feedback_lane_sc_plus_plus_v5_block_fp_verify_roundtrip_crashed_20260430.md
quarantine_duplicate	.omx/auto_memory_snapshot_20260504T230223Z/feedback_launcher_v3_phase2_split_needed_20260428.md
quarantine_duplicate	.omx/auto_memory_snapshot_20260504T230223Z/feedback_launcher_v4_split_works_end_to_end_20260428.md
quarantine_duplicate	.omx/auto_memory_snapshot_20260504T230223Z/feedback_launcher_v5_auto_discovery_tarball_20260428.md
quarantine_duplicate	.omx/auto_memory_snapshot_20260504T230223Z/feedback_lightning_ai_activated_for_writeup_value_20260430.md
quarantine_duplicate	.omx/auto_memory_snapshot_20260504T230223Z/feedback_lightning_ai_ssh_credentials_20260430.md
quarantine_duplicate	.omx/auto_memory_snapshot_20260504T230223Z/feedback_loop_session_permanent_bug_class_extinction_20260501.md
quarantine_duplicate	.omx/auto_memory_snapshot_20260504T230223Z/feedback_mario_zechner_standard.md
quarantine_duplicate	.omx/auto_memory_snapshot_20260504T230223Z/feedback_math_first.md
quarantine_duplicate	.omx/auto_memory_snapshot_20260504T230223Z/feedback_measurement_before_celebration.md
quarantine_duplicate	.omx/auto_memory_snapshot_20260504T230223Z/feedback_metabug_checks_30_31_32_added_20260427.md
quarantine_duplicate	.omx/auto_memory_snapshot_20260504T230223Z/feedback_metabugs_round_3_20260428.md
quarantine_duplicate	.omx/auto_memory_snapshot_20260504T230223Z/feedback_modal_billing.md
quarantine_duplicate	.omx/auto_memory_snapshot_20260504T230223Z/feedback_modal_lessons.md
quarantine_duplicate	.omx/auto_memory_snapshot_20260504T230223Z/feedback_modal_spawn_result_cache_pattern_20260429.md
quarantine_duplicate	.omx/auto_memory_snapshot_20260504T230223Z/feedback_mps_cuda_drift_critical.md
quarantine_duplicate	.omx/auto_memory_snapshot_20260504T230223Z/feedback_never_conflate_lanes.md
quarantine_duplicate	.omx/auto_memory_snapshot_20260504T230223Z/feedback_never_use_tmp.md
quarantine_duplicate	.omx/auto_memory_snapshot_20260504T230223Z/feedback_no_24_dollar_vastai_cap_20260501.md
quarantine_duplicate	.omx/auto_memory_snapshot_20260504T230223Z/feedback_no_ad_hoc_ever.md
quarantine_duplicate	.omx/auto_memory_snapshot_20260504T230223Z/feedback_no_hacks_ever.md
quarantine_duplicate	.omx/auto_memory_snapshot_20260504T230223Z/feedback_no_janky_smoke_tests.md
quarantine_duplicate	.omx/auto_memory_snapshot_20260504T230223Z/feedback_no_local_mps_for_authoritative_kill_or_promote_20260429.md
quarantine_duplicate	.omx/auto_memory_snapshot_20260504T230223Z/feedback_no_meat_on_bone.md
quarantine_duplicate	.omx/auto_memory_snapshot_20260504T230223Z/feedback_no_monetary_commit_20260430.md
quarantine_duplicate	.omx/auto_memory_snapshot_20260504T230223Z/feedback_no_review_bypass.md
quarantine_duplicate	.omx/auto_memory_snapshot_20260504T230223Z/feedback_no_signal_loss.md
quarantine_duplicate	.omx/auto_memory_snapshot_20260504T230223Z/feedback_no_stale_artifacts.md
quarantine_duplicate	.omx/auto_memory_snapshot_20260504T230223Z/feedback_no_wasted_resources.md
quarantine_duplicate	.omx/auto_memory_snapshot_20260504T230223Z/feedback_nvdec_workflow_gap_FIXED_20260428.md
quarantine_duplicate	.omx/auto_memory_snapshot_20260504T230223Z/feedback_oneshot_vastai_subagent_failure_pattern.md
quarantine_duplicate	.omx/auto_memory_snapshot_20260504T230223Z/feedback_openpilot_config_pattern.md
quarantine_duplicate	.omx/auto_memory_snapshot_20260504T230223Z/feedback_optimize_poses_silent.md
quarantine_duplicate	.omx/auto_memory_snapshot_20260504T230223Z/feedback_overfit_is_the_goal.md
quarantine_duplicate	.omx/auto_memory_snapshot_20260504T230223Z/feedback_owv2_savings_correction_conv_vs_full_renderer_20260430.md
quarantine_duplicate	.omx/auto_memory_snapshot_20260504T230223Z/feedback_parallel_codex_fix_subagents.md
quarantine_duplicate	.omx/auto_memory_snapshot_20260504T230223Z/feedback_parametrize_strip_helper_factored_20260428.md
quarantine_duplicate	.omx/auto_memory_snapshot_20260504T230223Z/feedback_parametrize_strip_round_11_edge_cases_20260428.md
quarantine_duplicate	.omx/auto_memory_snapshot_20260504T230223Z/feedback_partial_tarball_deploy_traps.md
quarantine_duplicate	.omx/auto_memory_snapshot_20260504T230223Z/feedback_patterns_that_work_20260429.md
quarantine_duplicate	.omx/auto_memory_snapshot_20260504T230223Z/feedback_per_instance_verify_pattern_20260428.md
quarantine_duplicate	.omx/auto_memory_snapshot_20260504T230223Z/feedback_persistent_codex_review_protocol_20260429.md
quarantine_duplicate	.omx/auto_memory_snapshot_20260504T230223Z/feedback_phantom_baseline_pattern.md
quarantine_duplicate	.omx/auto_memory_snapshot_20260504T230223Z/feedback_pipefail_grep_q_trap.md
quarantine_duplicate	.omx/auto_memory_snapshot_20260504T230223Z/feedback_pipeline_pairgenerator_only.md
quarantine_duplicate	.omx/auto_memory_snapshot_20260504T230223Z/feedback_pose_dim_dead_resolver.md
quarantine_duplicate	.omx/auto_memory_snapshot_20260504T230223Z/feedback_pose_loader_and_preflight_2026_04_26.md
quarantine_duplicate	.omx/auto_memory_snapshot_20260504T230223Z/feedback_pose_tto_oom_4090.md
quarantine_duplicate	.omx/auto_memory_snapshot_20260504T230223Z/feedback_posenet_sensitivity.md
quarantine_duplicate	.omx/auto_memory_snapshot_20260504T230223Z/feedback_posenet_tracking.md
quarantine_duplicate	.omx/auto_memory_snapshot_20260504T230223Z/feedback_pr106_no_mask_channel_lanes_05_06_falsified_20260504.md
quarantine_duplicate	.omx/auto_memory_snapshot_20260504T230223Z/feedback_pre_deploy_adversarial_sweep_canonical_20260428.md
quarantine_duplicate	.omx/auto_memory_snapshot_20260504T230223Z/feedback_preflight_checks_54_55_canonical_nvdec_guards_20260428.md
quarantine_duplicate	.omx/auto_memory_snapshot_20260504T230223Z/feedback_preprocessing_dead_end.md
quarantine_duplicate	.omx/auto_memory_snapshot_20260504T230223Z/feedback_preserve_signal_extreme_stacking_strategy_20260429.md
quarantine_duplicate	.omx/auto_memory_snapshot_20260504T230223Z/feedback_priority_time_to_floor_with_final_approval_20260430.md
quarantine_duplicate	.omx/auto_memory_snapshot_20260504T230223Z/feedback_production_hardened_standard_definition_20260430.md
quarantine_duplicate	.omx/auto_memory_snapshot_20260504T230223Z/feedback_proxy_auth_gap_835x.md
quarantine_duplicate	.omx/auto_memory_snapshot_20260504T230223Z/feedback_proxy_auth_math_useless.md
quarantine_duplicate	.omx/auto_memory_snapshot_20260504T230223Z/feedback_proxy_must_simulate_resize.md
quarantine_duplicate	.omx/auto_memory_snapshot_20260504T230223Z/feedback_q_faithful_4090_preemption_redeploy_h100_20260501.md
quarantine_duplicate	.omx/auto_memory_snapshot_20260504T230223Z/feedback_q_faithful_no_recoverable_checkpoint_history_20260501.md
quarantine_duplicate	.omx/auto_memory_snapshot_20260504T230223Z/feedback_qat_finetune_chained_arch_bugs.md
quarantine_duplicate	.omx/auto_memory_snapshot_20260504T230223Z/feedback_qat_vs_float.md
quarantine_duplicate	.omx/auto_memory_snapshot_20260504T230223Z/feedback_qzs3_codec_pr106_unviable_jointframegenerator_locked_20260504.md
quarantine_duplicate	.omx/auto_memory_snapshot_20260504T230223Z/feedback_regenerate_dont_download.md
quarantine_duplicate	.omx/auto_memory_snapshot_20260504T230223Z/feedback_remote_archive_only_eval_self_bootstraps_all_deps_20260501.md
quarantine_duplicate	.omx/auto_memory_snapshot_20260504T230223Z/feedback_remote_code_parity_required.md
quarantine_duplicate	.omx/auto_memory_snapshot_20260504T230223Z/feedback_remote_setup_script_correct_path_20260428.md
quarantine_duplicate	.omx/auto_memory_snapshot_20260504T230223Z/feedback_review_loop_always.md
quarantine_duplicate	.omx/auto_memory_snapshot_20260504T230223Z/feedback_review_strategy_not_just_bugs.md
quarantine_duplicate	.omx/auto_memory_snapshot_20260504T230223Z/feedback_round6_defects_lane_mm_correction_segmap_invalidation_extended_20260429.md
quarantine_duplicate	.omx/auto_memory_snapshot_20260504T230223Z/feedback_rsync_setuptools_trap.md
quarantine_duplicate	.omx/auto_memory_snapshot_20260504T230223Z/feedback_save_council_to_downloads.md
quarantine_duplicate	.omx/auto_memory_snapshot_20260504T230223Z/feedback_scientific_rigor.md
quarantine_duplicate	.omx/auto_memory_snapshot_20260504T230223Z/feedback_scorer_alignment_audit.md
quarantine_duplicate	.omx/auto_memory_snapshot_20260504T230223Z/feedback_setup_stuck_cost_leak_FIXED_20260428.md
quarantine_duplicate	.omx/auto_memory_snapshot_20260504T230223Z/feedback_silent_default_bug_class_findings_20260429.md
quarantine_duplicate	.omx/auto_memory_snapshot_20260504T230223Z/feedback_silent_default_masquerading_as_negative_result.md
quarantine_duplicate	.omx/auto_memory_snapshot_20260504T230223Z/feedback_skunkworks_council_shannon_dykstra_quintet_lead_20260429.md
quarantine_duplicate	.omx/auto_memory_snapshot_20260504T230223Z/feedback_spare_no_expense_shannon_floor_minimal_wallclock_20260501.md
quarantine_duplicate	.omx/auto_memory_snapshot_20260504T230223Z/feedback_standard_experiment_infra.md
quarantine_duplicate	.omx/auto_memory_snapshot_20260504T230223Z/feedback_strict_scorer_rule.md
quarantine_duplicate	.omx/auto_memory_snapshot_20260504T230223Z/feedback_strict_skunkworks_review.md
quarantine_duplicate	.omx/auto_memory_snapshot_20260504T230223Z/feedback_subagent_commits.md
quarantine_duplicate	.omx/auto_memory_snapshot_20260504T230223Z/feedback_subagent_recursive_skill_invocation_stall.md
quarantine_duplicate	.omx/auto_memory_snapshot_20260504T230223Z/feedback_subagent_serializer_temp_index_landed_20260430.md
quarantine_duplicate	.omx/auto_memory_snapshot_20260504T230223Z/feedback_submission_gate.md
quarantine_duplicate	.omx/auto_memory_snapshot_20260504T230223Z/feedback_suspend_dont_kill.md
quarantine_duplicate	.omx/auto_memory_snapshot_20260504T230223Z/feedback_test_before_commit.md
quarantine_duplicate	.omx/auto_memory_snapshot_20260504T230223Z/feedback_three_active_bug_classes_needing_strict_checks_20260429.md
quarantine_duplicate	.omx/auto_memory_snapshot_20260504T230223Z/feedback_time_not_constraint.md
quarantine_duplicate	.omx/auto_memory_snapshot_20260504T230223Z/feedback_tool_preferences.md
quarantine_duplicate	.omx/auto_memory_snapshot_20260504T230223Z/feedback_train_renderer_arch_drift.md
quarantine_duplicate	.omx/auto_memory_snapshot_20260504T230223Z/feedback_use_click.md
quarantine_duplicate	.omx/auto_memory_snapshot_20260504T230223Z/feedback_use_upstream_venv_for_scoring.md
quarantine_duplicate	.omx/auto_memory_snapshot_20260504T230223Z/feedback_use_your_own_tools.md
quarantine_duplicate	.omx/auto_memory_snapshot_20260504T230223Z/feedback_uv_mandatory.md
quarantine_duplicate	.omx/auto_memory_snapshot_20260504T230223Z/feedback_uv_not_on_path_vast_instance_20260501.md
quarantine_duplicate	.omx/auto_memory_snapshot_20260504T230223Z/feedback_vast_cuda_driver_too_old_silent_cpu_fallback_20260501.md
quarantine_duplicate	.omx/auto_memory_snapshot_20260504T230223Z/feedback_vastai_correct_launch_pattern.md
quarantine_duplicate	.omx/auto_memory_snapshot_20260504T230223Z/feedback_vastai_cost_paranoia.md
quarantine_duplicate	.omx/auto_memory_snapshot_20260504T230223Z/feedback_vastai_dispatch_failures_20260501.md
quarantine_duplicate	.omx/auto_memory_snapshot_20260504T230223Z/feedback_vastai_dx.md
quarantine_duplicate	.omx/auto_memory_snapshot_20260504T230223Z/feedback_vastai_idle_waste.md
quarantine_duplicate	.omx/auto_memory_snapshot_20260504T230223Z/feedback_vastai_instance_death.md
quarantine_duplicate	.omx/auto_memory_snapshot_20260504T230223Z/feedback_vastai_launch_returns_success_before_lane_starts.md
quarantine_duplicate	.omx/auto_memory_snapshot_20260504T230223Z/feedback_vastai_nvdec_host_variation.md
quarantine_duplicate	.omx/auto_memory_snapshot_20260504T230223Z/feedback_vastai_nvdec_roulette_pivot_to_modal_20260429.md
quarantine_duplicate	.omx/auto_memory_snapshot_20260504T230223Z/feedback_vastai_port_forward_fail.md
quarantine_duplicate	.omx/auto_memory_snapshot_20260504T230223Z/feedback_vastai_reliability.md
quarantine_duplicate	.omx/auto_memory_snapshot_20260504T230223Z/feedback_vastai_spot_unreliable_pivot_to_modal_lightning_20260430.md
quarantine_duplicate	.omx/auto_memory_snapshot_20260504T230223Z/feedback_vastai_ssh_controlmaster.md
quarantine_duplicate	.omx/auto_memory_snapshot_20260504T230223Z/feedback_verify_vast_instances_3_dx_bugs_20260428.md
quarantine_duplicate	.omx/auto_memory_snapshot_20260504T230223Z/feedback_version_artifacts.md
quarantine_duplicate	.omx/auto_memory_snapshot_20260504T230223Z/feedback_writeup_tone.md
quarantine_duplicate	.omx/auto_memory_snapshot_20260504T230223Z/feedback_zero_fragility.md
quarantine_duplicate	.omx/auto_memory_snapshot_20260504T230223Z/feedback_zip_dep_bootstrap_trap.md
quarantine_duplicate	.omx/auto_memory_snapshot_20260504T230223Z/project_17_optimizations_20260412.md
quarantine_duplicate	.omx/auto_memory_snapshot_20260504T230223Z/project_19_lane_monitoring_cadence_20260428.md
quarantine_duplicate	.omx/auto_memory_snapshot_20260504T230223Z/project_48hr_battle_plan.md
quarantine_duplicate	.omx/auto_memory_snapshot_20260504T230223Z/project_5stage_quantization_advantage.md
quarantine_duplicate	.omx/auto_memory_snapshot_20260504T230223Z/project_6month_strategic_plan_20260429.md
quarantine_duplicate	.omx/auto_memory_snapshot_20260504T230223Z/project_adaptive_hyperparams.md
quarantine_duplicate	.omx/auto_memory_snapshot_20260504T230223Z/project_all_scores_forensic_audit_20260430.md
quarantine_duplicate	.omx/auto_memory_snapshot_20260504T230223Z/project_alpha_geo0_and_lossy_repair_planner_codex_20260501T1518Z.md
quarantine_duplicate	.omx/auto_memory_snapshot_20260504T230223Z/project_alpha_sparse_repair_runtime_and_queue_codex_20260501T1541Z.md
quarantine_duplicate	.omx/auto_memory_snapshot_20260504T230223Z/project_amrc_negative_result.md
quarantine_duplicate	.omx/auto_memory_snapshot_20260504T230223Z/project_ara_partial_pivot_landed_20260429.md
quarantine_duplicate	.omx/auto_memory_snapshot_20260504T230223Z/project_arbitrariness_audit_full_catalog_20260427.md
quarantine_duplicate	.omx/auto_memory_snapshot_20260504T230223Z/project_arbitrary_vs_learnable_taxonomy.md
quarantine_duplicate	.omx/auto_memory_snapshot_20260504T230223Z/project_arxiv_2604_24763_tuna2_synthesis_20260428.md
quarantine_duplicate	.omx/auto_memory_snapshot_20260504T230223Z/project_asymmetric_warp_paradigm.md
quarantine_duplicate	.omx/auto_memory_snapshot_20260504T230223Z/project_auth_score_291.md
quarantine_duplicate	.omx/auto_memory_snapshot_20260504T230223Z/project_azure_dispatch_wiring_20260430.md
quarantine_duplicate	.omx/auto_memory_snapshot_20260504T230223Z/project_baseline_0_9001_lost_archive_test.md
quarantine_duplicate	.omx/auto_memory_snapshot_20260504T230223Z/project_baseline_poses_load_bearing.md
quarantine_duplicate	.omx/auto_memory_snapshot_20260504T230223Z/project_battleplan_20260423.md
quarantine_duplicate	.omx/auto_memory_snapshot_20260504T230223Z/project_beta_fisher_dispatch_launch_ready_20260501.md
quarantine_duplicate	.omx/auto_memory_snapshot_20260504T230223Z/project_carve_evaluation_NOT_APPLICABLE_20260428.md
quarantine_duplicate	.omx/auto_memory_snapshot_20260504T230223Z/project_chained_training.md
quarantine_duplicate	.omx/auto_memory_snapshot_20260504T230223Z/project_checkpoint_selection_improvements.md
quarantine_duplicate	.omx/auto_memory_snapshot_20260504T230223Z/project_codec_stacking_composition_canonical_orders_20260429.md
quarantine_duplicate	.omx/auto_memory_snapshot_20260504T230223Z/project_codex_shannon_floor_orchestration_20260430.md
quarantine_duplicate	.omx/auto_memory_snapshot_20260504T230223Z/project_codex_source_doc_structure_and_rigor_20260430.md
quarantine_duplicate	.omx/auto_memory_snapshot_20260504T230223Z/project_codex_theoretical_floor_brutal_20260429.md
quarantine_duplicate	.omx/auto_memory_snapshot_20260504T230223Z/project_comma_hardware.md
quarantine_duplicate	.omx/auto_memory_snapshot_20260504T230223Z/project_competition_state.md
quarantine_duplicate	.omx/auto_memory_snapshot_20260504T230223Z/project_competitive_intelligence.md
quarantine_duplicate	.omx/auto_memory_snapshot_20260504T230223Z/project_competitive_landscape_20260424.md
quarantine_duplicate	.omx/auto_memory_snapshot_20260504T230223Z/project_competitor_deep_analysis.md
quarantine_duplicate	.omx/auto_memory_snapshot_20260504T230223Z/project_competitor_mask2mask.md
quarantine_duplicate	.omx/auto_memory_snapshot_20260504T230223Z/project_conditioning_space_insight.md
quarantine_duplicate	.omx/auto_memory_snapshot_20260504T230223Z/project_contest_constraints.md
quarantine_duplicate	.omx/auto_memory_snapshot_20260504T230223Z/project_contest_rules_exact.md
quarantine_duplicate	.omx/auto_memory_snapshot_20260504T230223Z/project_cosmos_deep_dive_addendum_20260428.md
quarantine_duplicate	.omx/auto_memory_snapshot_20260504T230223Z/project_cosmos_mae_lyra_telescope_synthesis_20260428.md
quarantine_duplicate	.omx/auto_memory_snapshot_20260504T230223Z/project_council_eurekas_driving_geometry_20260428.md
quarantine_duplicate	.omx/auto_memory_snapshot_20260504T230223Z/project_council_expansion_20260412.md
quarantine_duplicate	.omx/auto_memory_snapshot_20260504T230223Z/project_council_findings_20260414.md
quarantine_duplicate	.omx/auto_memory_snapshot_20260504T230223Z/project_council_jack.md
quarantine_duplicate	.omx/auto_memory_snapshot_20260504T230223Z/project_council_kill_uniward_20260429.md
quarantine_duplicate	.omx/auto_memory_snapshot_20260504T230223Z/project_council_mario.md
quarantine_duplicate	.omx/auto_memory_snapshot_20260504T230223Z/project_council_membership.md
quarantine_duplicate	.omx/auto_memory_snapshot_20260504T230223Z/project_council_shower_thoughts.md
quarantine_duplicate	.omx/auto_memory_snapshot_20260504T230223Z/project_council_stacking_lanes_to_03_20260429.md
quarantine_duplicate	.omx/auto_memory_snapshot_20260504T230223Z/project_council_strategic_revision.md
quarantine_duplicate	.omx/auto_memory_snapshot_20260504T230223Z/project_critical_findings.md
quarantine_duplicate	.omx/auto_memory_snapshot_20260504T230223Z/project_cross_domain_insights.md
quarantine_duplicate	.omx/auto_memory_snapshot_20260504T230223Z/project_cross_lane_synergy.md
quarantine_duplicate	.omx/auto_memory_snapshot_20260504T230223Z/project_cuda_gate_result_20260425.md
quarantine_duplicate	.omx/auto_memory_snapshot_20260504T230223Z/project_cuda_wave_agent_lane_dispatch_20260430.md
quarantine_duplicate	.omx/auto_memory_snapshot_20260504T230223Z/project_current_floor_1845.md
quarantine_duplicate	.omx/auto_memory_snapshot_20260504T230223Z/project_dead_codex_recovery_inventory_20260428.md
quarantine_duplicate	.omx/auto_memory_snapshot_20260504T230223Z/project_deploy_gate_cleared_20260428_PM.md
quarantine_duplicate	.omx/auto_memory_snapshot_20260504T230223Z/project_deployment_approved_20260412.md
quarantine_duplicate	.omx/auto_memory_snapshot_20260504T230223Z/project_dilated_breakthrough.md
quarantine_duplicate	.omx/auto_memory_snapshot_20260504T230223Z/project_distillation_v2_progress.md
quarantine_duplicate	.omx/auto_memory_snapshot_20260504T230223Z/project_encoder_council.md
quarantine_duplicate	.omx/auto_memory_snapshot_20260504T230223Z/project_encoder_sweep_results.md
quarantine_duplicate	.omx/auto_memory_snapshot_20260504T230223Z/project_eureka_pose_space_tto.md
quarantine_duplicate	.omx/auto_memory_snapshot_20260504T230223Z/project_eureka_renderer_training.md
quarantine_duplicate	.omx/auto_memory_snapshot_20260504T230223Z/project_eureka_self_compression_20260425.md
quarantine_duplicate	.omx/auto_memory_snapshot_20260504T230223Z/project_eureka_session_20260414.md
quarantine_duplicate	.omx/auto_memory_snapshot_20260504T230223Z/project_eureka_shower_thoughts_20260412.md
quarantine_duplicate	.omx/auto_memory_snapshot_20260504T230223Z/project_experiment_landscape.md
quarantine_duplicate	.omx/auto_memory_snapshot_20260504T230223Z/project_final_handoff_20260414.md
quarantine_duplicate	.omx/auto_memory_snapshot_20260504T230223Z/project_fridrich_2path_push.md
quarantine_duplicate	.omx/auto_memory_snapshot_20260504T230223Z/project_fridrich_inverse_steganalysis.md
quarantine_duplicate	.omx/auto_memory_snapshot_20260504T230223Z/project_fridrich_steganalysis_framing.md
quarantine_duplicate	.omx/auto_memory_snapshot_20260504T230223Z/project_fridrich_vs_nofridrich_experiment.md
quarantine_duplicate	.omx/auto_memory_snapshot_20260504T230223Z/project_full_lane_sweep_selfcomp_stacking_20260429.md
quarantine_duplicate	.omx/auto_memory_snapshot_20260504T230223Z/project_full_literature_survey.md
quarantine_duplicate	.omx/auto_memory_snapshot_20260504T230223Z/project_full_timeline_20260412.md
quarantine_duplicate	.omx/auto_memory_snapshot_20260504T230223Z/project_global_research_convergence.md
quarantine_duplicate	.omx/auto_memory_snapshot_20260504T230223Z/project_golden_ticket.md
quarantine_duplicate	.omx/auto_memory_snapshot_20260504T230223Z/project_gpu_eureka_manifesto.md
quarantine_duplicate	.omx/auto_memory_snapshot_20260504T230223Z/project_gpu_lane_literature.md
quarantine_duplicate	.omx/auto_memory_snapshot_20260504T230223Z/project_gpu_lane_strategy.md
quarantine_duplicate	.omx/auto_memory_snapshot_20260504T230223Z/project_gradient_bug_postmortem.md
quarantine_duplicate	.omx/auto_memory_snapshot_20260504T230223Z/project_grand_council_FIELDS_MEDAL_shannon_floor_obsession_20260501.md
quarantine_duplicate	.omx/auto_memory_snapshot_20260504T230223Z/project_grand_council_brutal_forecast_20260429.md
quarantine_duplicate	.omx/auto_memory_snapshot_20260504T230223Z/project_grand_council_consensus.md
quarantine_duplicate	.omx/auto_memory_snapshot_20260504T230223Z/project_grand_council_final_designs_20260429.md
quarantine_duplicate	.omx/auto_memory_snapshot_20260504T230223Z/project_grand_council_floor_review_revised_20260429.md
quarantine_duplicate	.omx/auto_memory_snapshot_20260504T230223Z/project_grand_council_lane_12_nerv_unblock_decision_20260502.md
quarantine_duplicate	.omx/auto_memory_snapshot_20260504T230223Z/project_grand_council_paradigm_shift_to_shannon_floor_20260430.md
quarantine_duplicate	.omx/auto_memory_snapshot_20260504T230223Z/project_grand_council_shannon_floor_eureka_session_20260501.md
quarantine_duplicate	.omx/auto_memory_snapshot_20260504T230223Z/project_grand_strategy_apr11.md
quarantine_duplicate	.omx/auto_memory_snapshot_20260504T230223Z/project_grayscale_leaderboard_reverse_engineering_codex_20260501T1440Z.md
quarantine_duplicate	.omx/auto_memory_snapshot_20260504T230223Z/project_gt_passthrough_victory.md
quarantine_duplicate	.omx/auto_memory_snapshot_20260504T230223Z/project_hardware_architecture_map.md
quarantine_duplicate	.omx/auto_memory_snapshot_20260504T230223Z/project_hardware_geometry_chroma_full.md
quarantine_duplicate	.omx/auto_memory_snapshot_20260504T230223Z/project_honest_state_apr11.md
quarantine_duplicate	.omx/auto_memory_snapshot_20260504T230223Z/project_hyperparameter_audit.md
quarantine_duplicate	.omx/auto_memory_snapshot_20260504T230223Z/project_infrastructure.md
quarantine_duplicate	.omx/auto_memory_snapshot_20260504T230223Z/project_interactive_writeup_vision.md
quarantine_duplicate	.omx/auto_memory_snapshot_20260504T230223Z/project_jacobian_nonlinearity.md
quarantine_duplicate	.omx/auto_memory_snapshot_20260504T230223Z/project_kaggle_fixes_complete.md
quarantine_duplicate	.omx/auto_memory_snapshot_20260504T230223Z/project_killed_lanes_forensic_audit_20260428.md
quarantine_duplicate	.omx/auto_memory_snapshot_20260504T230223Z/project_knowledge_distillation.md
quarantine_duplicate	.omx/auto_memory_snapshot_20260504T230223Z/project_lane_12_nerv_dispatch_plan_20260430.md
quarantine_duplicate	.omx/auto_memory_snapshot_20260504T230223Z/project_lane_12_nerv_full_cuda_dispatch_REFUSED_20260502.md
quarantine_duplicate	.omx/auto_memory_snapshot_20260504T230223Z/project_lane_12_nerv_full_cuda_dispatch_RETRY_REFUSED_20260502.md
quarantine_duplicate	.omx/auto_memory_snapshot_20260504T230223Z/project_lane_17_imp_dispatch_launch_ready_20260501.md
quarantine_duplicate	.omx/auto_memory_snapshot_20260504T230223Z/project_lane_17_imp_killed_cycle_0_198_regression_20260430.md
quarantine_duplicate	.omx/auto_memory_snapshot_20260504T230223Z/project_lane_17_imp_landed_20260430.md
quarantine_duplicate	.omx/auto_memory_snapshot_20260504T230223Z/project_lane_17_imp_pre_dispatch_20260430.md
quarantine_duplicate	.omx/auto_memory_snapshot_20260504T230223Z/project_lane_19_dispatch_launch_ready_20260501.md
quarantine_duplicate	.omx/auto_memory_snapshot_20260504T230223Z/project_lane_19_logit_margin_landed_20260430.md
quarantine_duplicate	.omx/auto_memory_snapshot_20260504T230223Z/project_lane_6_7_8_swarm_approval_20260430.md
quarantine_duplicate	.omx/auto_memory_snapshot_20260504T230223Z/project_lane_7_psd_killed_or_deferred_20260430.md
quarantine_duplicate	.omx/auto_memory_snapshot_20260504T230223Z/project_lane_8_multipass_landed_20260430.md
quarantine_duplicate	.omx/auto_memory_snapshot_20260504T230223Z/project_lane_b_alt_brotli_measurement.md
quarantine_duplicate	.omx/auto_memory_snapshot_20260504T230223Z/project_lane_b_pose_tto_proxy_auth_gap.md
quarantine_duplicate	.omx/auto_memory_snapshot_20260504T230223Z/project_lane_bit_level_archive_design_landed_20260430.md
quarantine_duplicate	.omx/auto_memory_snapshot_20260504T230223Z/project_lane_ec_engineered_corrections_20260428.md
quarantine_duplicate	.omx/auto_memory_snapshot_20260504T230223Z/project_lane_f_fp4_qat_regression_20260427.md
quarantine_duplicate	.omx/auto_memory_snapshot_20260504T230223Z/project_lane_f_v2_fp4_architectural_bottleneck_20260427.md
quarantine_duplicate	.omx/auto_memory_snapshot_20260504T230223Z/project_lane_g_v3_landed_1_05_20260428.md
quarantine_duplicate	.omx/auto_memory_snapshot_20260504T230223Z/project_lane_g_v3_owv3_0120_LANDED_1_002_20260501.md
quarantine_duplicate	.omx/auto_memory_snapshot_20260504T230223Z/project_lane_g_v3_owv3_fisher_beta_LANDED_1_016_20260501.md
quarantine_duplicate	.omx/auto_memory_snapshot_20260504T230223Z/project_lane_g_v3_owv3_r7_LANDED_1_013_20260501.md
quarantine_duplicate	.omx/auto_memory_snapshot_20260504T230223Z/project_lane_g_v3_stacking_skunkworks_20260428.md
quarantine_duplicate	.omx/auto_memory_snapshot_20260504T230223Z/project_lane_gp_class_forensic_audit_20260430.md
quarantine_duplicate	.omx/auto_memory_snapshot_20260504T230223Z/project_lane_gp_v3_landed_runge_phenomenon_20260429.md
quarantine_duplicate	.omx/auto_memory_snapshot_20260504T230223Z/project_lane_gp_v4_killed_basis_fit_infeasible_20260430.md
quarantine_duplicate	.omx/auto_memory_snapshot_20260504T230223Z/project_lane_h_v3_revival_design_20260428.md
quarantine_duplicate	.omx/auto_memory_snapshot_20260504T230223Z/project_lane_i_crashed_parametrize_strip_20260428.md
quarantine_duplicate	.omx/auto_memory_snapshot_20260504T230223Z/project_lane_j_nwc_landed_20260429.md
quarantine_duplicate	.omx/auto_memory_snapshot_20260504T230223Z/project_lane_line_search_c067_dispatch_20260502.md
quarantine_duplicate	.omx/auto_memory_snapshot_20260504T230223Z/project_lane_line_search_pose_landed_20260501.md
quarantine_duplicate	.omx/auto_memory_snapshot_20260504T230223Z/project_lane_m_v2_audit_council_findings_20260428.md
quarantine_duplicate	.omx/auto_memory_snapshot_20260504T230223Z/project_lane_m_v2_landed_1_84_regression_20260428.md
quarantine_duplicate	.omx/auto_memory_snapshot_20260504T230223Z/project_lane_marking_speed_estimation.md
quarantine_duplicate	.omx/auto_memory_snapshot_20260504T230223Z/project_lane_maturity_harness_landed_20260430.md
quarantine_duplicate	.omx/auto_memory_snapshot_20260504T230223Z/project_lane_mdl_bayesian_design_landed_20260430.md
quarantine_duplicate	.omx/auto_memory_snapshot_20260504T230223Z/project_lane_mm_v2_landed_2_63_falsified_20260429.md
quarantine_duplicate	.omx/auto_memory_snapshot_20260504T230223Z/project_lane_mn_radial_zoom_negative_20260427.md
quarantine_duplicate	.omx/auto_memory_snapshot_20260504T230223Z/project_lane_omega_bit_budget_hessian_aware_quantization.md
quarantine_duplicate	.omx/auto_memory_snapshot_20260504T230223Z/project_lane_owv3_0120_arith_masks_FALSIFIED_20260501.md
quarantine_duplicate	.omx/auto_memory_snapshot_20260504T230223Z/project_lane_owv3_0120_orthogonal_stack_LANDED_0_997_20260501.md
quarantine_duplicate	.omx/auto_memory_snapshot_20260504T230223Z/project_lane_pfp16_landed_20260430.md
quarantine_duplicate	.omx/auto_memory_snapshot_20260504T230223Z/project_lane_psd_lumaskip_design_20260430.md
quarantine_duplicate	.omx/auto_memory_snapshot_20260504T230223Z/project_lane_q_faithful_design_20260428.md
quarantine_duplicate	.omx/auto_memory_snapshot_20260504T230223Z/project_lane_q_faithful_h100_redeploy_emergency_20260501.md
quarantine_duplicate	.omx/auto_memory_snapshot_20260504T230223Z/project_lane_q_faithful_retrain_dispatch_20260501.md
quarantine_duplicate	.omx/auto_memory_snapshot_20260504T230223Z/project_lane_qzs3_packer_landed_20260501.md
quarantine_duplicate	.omx/auto_memory_snapshot_20260504T230223Z/project_lane_raft_radial_pose_design_landed_20260430.md
quarantine_duplicate	.omx/auto_memory_snapshot_20260504T230223Z/project_lane_s_self_compress_engineering.md
quarantine_duplicate	.omx/auto_memory_snapshot_20260504T230223Z/project_lane_sjkl_basis_v1_implementation_20260501.md
quarantine_duplicate	.omx/auto_memory_snapshot_20260504T230223Z/project_lane_stc_av1_regression_finding_20260429.md
quarantine_duplicate	.omx/auto_memory_snapshot_20260504T230223Z/project_lane_stc_av1_residual_smoke_prelim_20260429.md
quarantine_duplicate	.omx/auto_memory_snapshot_20260504T230223Z/project_lane_stc_clean_source_FALSIFIED_20260429.md
quarantine_duplicate	.omx/auto_memory_snapshot_20260504T230223Z/project_lane_taxonomy_stacking_strategy_20260427.md
quarantine_duplicate	.omx/auto_memory_snapshot_20260504T230223Z/project_lane_uniward_v8_NO_OP_finding_20260429.md
quarantine_duplicate	.omx/auto_memory_snapshot_20260504T230223Z/project_lane_uniward_v8_harvested_1_14_advisory_20260429.md
quarantine_duplicate	.omx/auto_memory_snapshot_20260504T230223Z/project_lane_v_crashed_channel_mismatch_20260428.md
quarantine_duplicate	.omx/auto_memory_snapshot_20260504T230223Z/project_lane_w_hard_pair_self_compress_premise_20260427.md
quarantine_duplicate	.omx/auto_memory_snapshot_20260504T230223Z/project_leaderboard_0_32_0_33_floor_or_irrelevant_20260501.md
quarantine_duplicate	.omx/auto_memory_snapshot_20260504T230223Z/project_leaderboard_selfcomp_038_mask2mask_060_20260429.md
quarantine_duplicate	.omx/auto_memory_snapshot_20260504T230223Z/project_lean_audit_findings.md
quarantine_duplicate	.omx/auto_memory_snapshot_20260504T230223Z/project_lean_proofs.md
quarantine_duplicate	.omx/auto_memory_snapshot_20260504T230223Z/project_library_idea.md
quarantine_duplicate	.omx/auto_memory_snapshot_20260504T230223Z/project_lightning_pypi_compromise_security_20260430.md
quarantine_duplicate	.omx/auto_memory_snapshot_20260504T230223Z/project_lightning_setup.md
quarantine_duplicate	.omx/auto_memory_snapshot_20260504T230223Z/project_literature_review.md
quarantine_duplicate	.omx/auto_memory_snapshot_20260504T230223Z/project_lth_evaluation_RESEARCH_PARK_20260428.md
quarantine_duplicate	.omx/auto_memory_snapshot_20260504T230223Z/project_mask_crf_pareto_20260421.md
quarantine_duplicate	.omx/auto_memory_snapshot_20260504T230223Z/project_master_council_verdict.md
quarantine_duplicate	.omx/auto_memory_snapshot_20260504T230223Z/project_maturity_discipline_pushed_round1_20260430.md
quarantine_duplicate	.omx/auto_memory_snapshot_20260504T230223Z/project_meta_narrative.md
quarantine_duplicate	.omx/auto_memory_snapshot_20260504T230223Z/project_meta_narrative_deep.md
quarantine_duplicate	.omx/auto_memory_snapshot_20260504T230223Z/project_mini_scorer_results.md
quarantine_duplicate	.omx/auto_memory_snapshot_20260504T230223Z/project_missing_techniques_20260424.md
quarantine_duplicate	.omx/auto_memory_snapshot_20260504T230223Z/project_ml_masking_tools.md
quarantine_duplicate	.omx/auto_memory_snapshot_20260504T230223Z/project_mlx_4_7x_faster.md
quarantine_duplicate	.omx/auto_memory_snapshot_20260504T230223Z/project_mlx_full_strategy.md
quarantine_duplicate	.omx/auto_memory_snapshot_20260504T230223Z/project_modal_pipeline_trusted_lane_g_v3_1_04_20260429.md
quarantine_duplicate	.omx/auto_memory_snapshot_20260504T230223Z/project_modal_renderer_results.md
quarantine_duplicate	.omx/auto_memory_snapshot_20260504T230223Z/project_modal_tto_experiment_design.md
quarantine_duplicate	.omx/auto_memory_snapshot_20260504T230223Z/project_modal_vs_vastai_reliability_analysis_20260428.md
quarantine_duplicate	.omx/auto_memory_snapshot_20260504T230223Z/project_molt_integration.md
quarantine_duplicate	.omx/auto_memory_snapshot_20260504T230223Z/project_money_on_table.md
quarantine_duplicate	.omx/auto_memory_snapshot_20260504T230223Z/project_moonshots_20260420.md
quarantine_duplicate	.omx/auto_memory_snapshot_20260504T230223Z/project_mps_optimization.md
quarantine_duplicate	.omx/auto_memory_snapshot_20260504T230223Z/project_multipass_fridrich.md
quarantine_duplicate	.omx/auto_memory_snapshot_20260504T230223Z/project_neural_compression_research_20260425.md
quarantine_duplicate	.omx/auto_memory_snapshot_20260504T230223Z/project_new_tools_inventory_20260429.md
quarantine_duplicate	.omx/auto_memory_snapshot_20260504T230223Z/project_next_session_priority.md
quarantine_duplicate	.omx/auto_memory_snapshot_20260504T230223Z/project_nitrobrew_evaluation_NOT_APPLICABLE_20260428.md
quarantine_duplicate	.omx/auto_memory_snapshot_20260504T230223Z/project_nuclear_readiness.md
quarantine_duplicate	.omx/auto_memory_snapshot_20260504T230223Z/project_openpilot_lane_forcing.md
quarantine_duplicate	.omx/auto_memory_snapshot_20260504T230223Z/project_openpilot_seeding_demo.md
quarantine_duplicate	.omx/auto_memory_snapshot_20260504T230223Z/project_optimal_training_pipeline.md
quarantine_duplicate	.omx/auto_memory_snapshot_20260504T230223Z/project_orphan_files_after_wave3_audit.md
quarantine_duplicate	.omx/auto_memory_snapshot_20260504T230223Z/project_outstanding_work_and_stacks_20260428.md
quarantine_duplicate	.omx/auto_memory_snapshot_20260504T230223Z/project_overfit_known_video_DUPLICATE_NODISPATCH_20260501.md
quarantine_duplicate	.omx/auto_memory_snapshot_20260504T230223Z/project_owv3_0120_stack_frontier_candidate_codex_20260501T1510Z.md
quarantine_duplicate	.omx/auto_memory_snapshot_20260504T230223Z/project_owv3_0120_stack_t4_frontier_codex_20260501T1527Z.md
quarantine_duplicate	.omx/auto_memory_snapshot_20260504T230223Z/project_owv3_byte_feasible_candidate_dispatch_deferred_20260501.md
quarantine_duplicate	.omx/auto_memory_snapshot_20260504T230223Z/project_owv3_r6_sweep_design_20260501.md
quarantine_duplicate	.omx/auto_memory_snapshot_20260504T230223Z/project_owv3_r7_state_correction_20260501.md
quarantine_duplicate	.omx/auto_memory_snapshot_20260504T230223Z/project_owv3_wave3_refinement_PLAN_20260501.md
quarantine_duplicate	.omx/auto_memory_snapshot_20260504T230223Z/project_pair_counting_bug.md
quarantine_duplicate	.omx/auto_memory_snapshot_20260504T230223Z/project_panel_deep_review.md
quarantine_duplicate	.omx/auto_memory_snapshot_20260504T230223Z/project_paper_and_opensource_plan.md
quarantine_duplicate	.omx/auto_memory_snapshot_20260504T230223Z/project_paper_and_portfolio.md
quarantine_duplicate	.omx/auto_memory_snapshot_20260504T230223Z/project_paper_gaps_20260423.md
quarantine_duplicate	.omx/auto_memory_snapshot_20260504T230223Z/project_pareto_frontier.md
quarantine_duplicate	.omx/auto_memory_snapshot_20260504T230223Z/project_personal_statement_and_naming.md
quarantine_duplicate	.omx/auto_memory_snapshot_20260504T230223Z/project_pfp16_a_plus_plus_deploy_baseline_freeze_20260501.md
quarantine_duplicate	.omx/auto_memory_snapshot_20260504T230223Z/project_phase1_dispatch_state_corrections_20260429.md
quarantine_duplicate	.omx/auto_memory_snapshot_20260504T230223Z/project_phase1_dispatch_verdict_20260429.md
quarantine_duplicate	.omx/auto_memory_snapshot_20260504T230223Z/project_phases_2_3_4_design_implementation_math_provenance_20260429.md
quarantine_duplicate	.omx/auto_memory_snapshot_20260504T230223Z/project_pose_tto_breakthrough.md
quarantine_duplicate	.omx/auto_memory_snapshot_20260504T230223Z/project_posenet_rank1_discovery.md
quarantine_duplicate	.omx/auto_memory_snapshot_20260504T230223Z/project_post_043_battleplan.md
quarantine_duplicate	.omx/auto_memory_snapshot_20260504T230223Z/project_post_deadline_continuous_engineering_mandate_20260502.md
quarantine_duplicate	.omx/auto_memory_snapshot_20260504T230223Z/project_postfilter_breakthrough.md
quarantine_duplicate	.omx/auto_memory_snapshot_20260504T230223Z/project_postfilter_hard_pairs.md
quarantine_duplicate	.omx/auto_memory_snapshot_20260504T230223Z/project_preflight_unblock_landed_591b7a43_20260430.md
quarantine_duplicate	.omx/auto_memory_snapshot_20260504T230223Z/project_proxy_auth_drift_critical.md
quarantine_duplicate	.omx/auto_memory_snapshot_20260504T230223Z/project_psd_auth_eval_verdict.md
quarantine_duplicate	.omx/auto_memory_snapshot_20260504T230223Z/project_psd_breakthrough.md
quarantine_duplicate	.omx/auto_memory_snapshot_20260504T230223Z/project_psd_early_signal.md
quarantine_duplicate	.omx/auto_memory_snapshot_20260504T230223Z/project_publication_strategy.md
quarantine_duplicate	.omx/auto_memory_snapshot_20260504T230223Z/project_quantizr_055.md
quarantine_duplicate	.omx/auto_memory_snapshot_20260504T230223Z/project_quantizr_analysis.md
quarantine_duplicate	.omx/auto_memory_snapshot_20260504T230223Z/project_quantizr_architecture_deep.md
quarantine_duplicate	.omx/auto_memory_snapshot_20260504T230223Z/project_quantizr_definitive_binary_analysis.md
quarantine_duplicate	.omx/auto_memory_snapshot_20260504T230223Z/project_quantizr_full_intel_20260421.md
quarantine_duplicate	.omx/auto_memory_snapshot_20260504T230223Z/project_quantizr_intelligence.md
quarantine_duplicate	.omx/auto_memory_snapshot_20260504T230223Z/project_queue_drain_final_status_20260430_2135.md
quarantine_duplicate	.omx/auto_memory_snapshot_20260504T230223Z/project_queue_drain_q1_q2_q3_20260430_2120.md
quarantine_duplicate	.omx/auto_memory_snapshot_20260504T230223Z/project_quota_incident_2_recovery_state_20260430_1000.md
quarantine_duplicate	.omx/auto_memory_snapshot_20260504T230223Z/project_quota_incident_3_recovery_state_20260430_1330.md
quarantine_duplicate	.omx/auto_memory_snapshot_20260504T230223Z/project_quota_incident_4_recovery_state_20260430_1530.md
quarantine_duplicate	.omx/auto_memory_snapshot_20260504T230223Z/project_recovery_4_phase_B_complete_20260430.md
quarantine_duplicate	.omx/auto_memory_snapshot_20260504T230223Z/project_recovery_4_phase_C_inprogress_20260430.md
quarantine_duplicate	.omx/auto_memory_snapshot_20260504T230223Z/project_research_bundle_self_compress_c3_water_bucket_20260429.md
quarantine_duplicate	.omx/auto_memory_snapshot_20260504T230223Z/project_research_survey_20260420.md
quarantine_duplicate	.omx/auto_memory_snapshot_20260504T230223Z/project_scalability_story.md
quarantine_duplicate	.omx/auto_memory_snapshot_20260504T230223Z/project_score_uncertainty.md
quarantine_duplicate	.omx/auto_memory_snapshot_20260504T230223Z/project_scorer_architecture_confirmed.md
quarantine_duplicate	.omx/auto_memory_snapshot_20260504T230223Z/project_scoring_deep_understanding.md
quarantine_duplicate	.omx/auto_memory_snapshot_20260504T230223Z/project_scoring_formula_analysis.md
quarantine_duplicate	.omx/auto_memory_snapshot_20260504T230223Z/project_segnet_paradigm_shift.md
quarantine_duplicate	.omx/auto_memory_snapshot_20260504T230223Z/project_segnet_strategy.md
quarantine_duplicate	.omx/auto_memory_snapshot_20260504T230223Z/project_self_compression_breakthrough.md
quarantine_duplicate	.omx/auto_memory_snapshot_20260504T230223Z/project_selfcomp_portfolio_tonight_20260429.md
quarantine_duplicate	.omx/auto_memory_snapshot_20260504T230223Z/project_selfcomp_reverse_engineered_20260429.md
quarantine_duplicate	.omx/auto_memory_snapshot_20260504T230223Z/project_selfcomp_v2_failures_council_killlist_20260429.md
quarantine_duplicate	.omx/auto_memory_snapshot_20260504T230223Z/project_senior_engineer_review_floor_revised_245_20260429.md
quarantine_duplicate	.omx/auto_memory_snapshot_20260504T230223Z/project_session_20260424_comprehensive.md
quarantine_duplicate	.omx/auto_memory_snapshot_20260504T230223Z/project_session_20260425_deployment.md
quarantine_duplicate	.omx/auto_memory_snapshot_20260504T230223Z/project_session_20260427_eod_summary.md
quarantine_duplicate	.omx/auto_memory_snapshot_20260504T230223Z/project_session_handoff_20260414.md
quarantine_duplicate	.omx/auto_memory_snapshot_20260504T230223Z/project_session_learnings_consolidated_20260430.md
quarantine_duplicate	.omx/auto_memory_snapshot_20260504T230223Z/project_session_recovery_20260428_post_molt_oom.md
quarantine_duplicate	.omx/auto_memory_snapshot_20260504T230223Z/project_session_results_20260415.md
quarantine_duplicate	.omx/auto_memory_snapshot_20260504T230223Z/project_session_state_20260412.md
quarantine_duplicate	.omx/auto_memory_snapshot_20260504T230223Z/project_session_state_20260414.md
quarantine_duplicate	.omx/auto_memory_snapshot_20260504T230223Z/project_session_state_20260422.md
quarantine_duplicate	.omx/auto_memory_snapshot_20260504T230223Z/project_session_state_checkpoint_20260430.md
quarantine_duplicate	.omx/auto_memory_snapshot_20260504T230223Z/project_session_state_end_20260412.md
quarantine_duplicate	.omx/auto_memory_snapshot_20260504T230223Z/project_session_summary_20260412.md
quarantine_duplicate	.omx/auto_memory_snapshot_20260504T230223Z/project_shannon_floor_codex_partner_coordination_20260501.md
quarantine_duplicate	.omx/auto_memory_snapshot_20260504T230223Z/project_shannon_floor_codex_sequential_resume_20260501T1323Z.md
quarantine_duplicate	.omx/auto_memory_snapshot_20260504T230223Z/project_shannon_floor_execution_state_checkpoint_20260501.md
quarantine_duplicate	.omx/auto_memory_snapshot_20260504T230223Z/project_shannon_floor_large_move_alpha_geo0_modal_state_20260501.md
quarantine_duplicate	.omx/auto_memory_snapshot_20260504T230223Z/project_shannon_floor_owv3_alpha_geo0_vast_triage_20260501.md
quarantine_duplicate	.omx/auto_memory_snapshot_20260504T230223Z/project_shannon_insights_20260412.md
quarantine_duplicate	.omx/auto_memory_snapshot_20260504T230223Z/project_shannon_optimal_allocation.md
quarantine_duplicate	.omx/auto_memory_snapshot_20260504T230223Z/project_shared_brain.md
quarantine_duplicate	.omx/auto_memory_snapshot_20260504T230223Z/project_shiraz_never_beat_baseline.md
quarantine_duplicate	.omx/auto_memory_snapshot_20260504T230223Z/project_signal_loss_audit_20260428.md
quarantine_duplicate	.omx/auto_memory_snapshot_20260504T230223Z/project_stc_redesign_verdict_20260429.md
quarantine_duplicate	.omx/auto_memory_snapshot_20260504T230223Z/project_submission_families.md
quarantine_duplicate	.omx/auto_memory_snapshot_20260504T230223Z/project_submission_name.md
quarantine_duplicate	.omx/auto_memory_snapshot_20260504T230223Z/project_swarm_recovery_state_20260430.md
quarantine_duplicate	.omx/auto_memory_snapshot_20260504T230223Z/project_sweep_results.md
quarantine_duplicate	.omx/auto_memory_snapshot_20260504T230223Z/project_szabolcs_full_re_20260426.md
quarantine_duplicate	.omx/auto_memory_snapshot_20260504T230223Z/project_szabolcs_reverse_engineering.md
quarantine_duplicate	.omx/auto_memory_snapshot_20260504T230223Z/project_tac_hardening.md
quarantine_duplicate	.omx/auto_memory_snapshot_20260504T230223Z/project_tac_pypi.md
quarantine_duplicate	.omx/auto_memory_snapshot_20260504T230223Z/project_tac_tooling_standards.md
quarantine_duplicate	.omx/auto_memory_snapshot_20260504T230223Z/project_theoretical_floor.md
quarantine_duplicate	.omx/auto_memory_snapshot_20260504T230223Z/project_theoretical_limits.md
quarantine_duplicate	.omx/auto_memory_snapshot_20260504T230223Z/project_three_breakthroughs.md
quarantine_duplicate	.omx/auto_memory_snapshot_20260504T230223Z/project_training_profiles.md
quarantine_duplicate	.omx/auto_memory_snapshot_20260504T230223Z/project_transcendent_council_20260414.md
quarantine_duplicate	.omx/auto_memory_snapshot_20260504T230223Z/project_tripartite_pact.md
quarantine_duplicate	.omx/auto_memory_snapshot_20260504T230223Z/project_true_score_20260421.md
quarantine_duplicate	.omx/auto_memory_snapshot_20260504T230223Z/project_tto_breakthrough_20260414.md
quarantine_duplicate	.omx/auto_memory_snapshot_20260504T230223Z/project_tto_gradient_rank_eureka.md
quarantine_duplicate	.omx/auto_memory_snapshot_20260504T230223Z/project_tto_tuning_v2.md
quarantine_duplicate	.omx/auto_memory_snapshot_20260504T230223Z/project_tto_v1_results.md
quarantine_duplicate	.omx/auto_memory_snapshot_20260504T230223Z/project_tto_v3_auth_results.md
quarantine_duplicate	.omx/auto_memory_snapshot_20260504T230223Z/project_tto_v3_results.md
quarantine_duplicate	.omx/auto_memory_snapshot_20260504T230223Z/project_tto_v5a_victory.md
quarantine_duplicate	.omx/auto_memory_snapshot_20260504T230223Z/project_untested_urgent.md
quarantine_duplicate	.omx/auto_memory_snapshot_20260504T230223Z/project_v5_lagrangian_results.md
quarantine_duplicate	.omx/auto_memory_snapshot_20260504T230223Z/project_v7_tto_results.md
quarantine_duplicate	.omx/auto_memory_snapshot_20260504T230223Z/project_variable_rate_masks.md
quarantine_duplicate	.omx/auto_memory_snapshot_20260504T230223Z/project_vastai_balance_65_indulgent_strategy_20260429.md
quarantine_duplicate	.omx/auto_memory_snapshot_20260504T230223Z/project_verified_baseline_2_29.md
quarantine_duplicate	.omx/auto_memory_snapshot_20260504T230223Z/project_viz_format.md
quarantine_duplicate	.omx/auto_memory_snapshot_20260504T230223Z/project_weight_distribution_analysis.md
quarantine_duplicate	.omx/auto_memory_snapshot_20260504T230223Z/project_wilde_shiraz_flags.md
quarantine_duplicate	.omx/auto_memory_snapshot_20260504T230223Z/project_writeup_story_arc.md
quarantine_duplicate	.omx/auto_memory_snapshot_20260504T230223Z/project_writeup_visualizations.md
quarantine_duplicate	.omx/auto_memory_snapshot_20260504T230223Z/project_yousfi_12_tricks.md
quarantine_duplicate	.omx/auto_memory_snapshot_20260504T230223Z/project_yousfi_fridrich_connection.md
quarantine_duplicate	.omx/auto_memory_snapshot_20260504T230223Z/project_yousfi_geometric_analysis.md
quarantine_duplicate	.omx/auto_memory_snapshot_20260504T230223Z/project_yuv_viz_idea.md
quarantine_duplicate	.omx/auto_memory_snapshot_20260504T230223Z/project_zoom_aware_motion_predictor.md
quarantine_duplicate	.omx/auto_memory_snapshot_20260504T230223Z/reference_arithmetic_coding_won_comma_lossless_challenge_20260501.md
quarantine_duplicate	.omx/auto_memory_snapshot_20260504T230223Z/reference_git_visualization.md
quarantine_duplicate	.omx/auto_memory_snapshot_20260504T230223Z/reference_gpu_providers.md
quarantine_duplicate	.omx/auto_memory_snapshot_20260504T230223Z/reference_lightning_workspace_rename_20260501.md
quarantine_duplicate	.omx/auto_memory_snapshot_20260504T230223Z/reference_modal_usage.md
quarantine_duplicate	.omx/auto_memory_snapshot_20260504T230223Z/reference_mpeg_research_needed.md
quarantine_duplicate	.omx/auto_memory_snapshot_20260504T230223Z/reference_paper_tooling.md
quarantine_duplicate	.omx/auto_memory_snapshot_20260504T230223Z/reference_pr56_selfcomp_blob_byte_layout_proper_reverse_engineering_20260501.md
quarantine_duplicate	.omx/auto_memory_snapshot_20260504T230223Z/reference_pr65_pr67_blob_byte_layouts_proper_reverse_engineering_20260501.md
quarantine_duplicate	.omx/auto_memory_snapshot_20260504T230223Z/reference_pr67_line_search_R_D_joint_coordinate_descent_20260501.md
quarantine_duplicate	.omx/auto_memory_snapshot_20260504T230223Z/reference_tmux_mosh.md
quarantine_duplicate	.omx/auto_memory_snapshot_20260504T230223Z/reference_vastai_setup.md
quarantine_duplicate	.omx/auto_memory_snapshot_20260504T230223Z/reference_visualization_stack.md
quarantine_duplicate	.omx/auto_memory_snapshot_20260504T230223Z/reference_yousfi_fridrich.md
quarantine_duplicate	.omx/auto_memory_snapshot_20260504T230223Z/user_goal_comma_ai.md
