3576960	experiments/results/mlx_decoderq_parent_contract_closure_20260522T1132Z/pareto_gap_uleb/materialized/drop_rank001_pair0501/local_cpu_advisory.json	experiments/results/mlx_decoderq_parent_contract_closure_20260522T1132Z/pareto_gap_uleb/materialized/drop_rank001_pair0501/local_cpu_advisory_work
3576960	experiments/results/mlx_decoderq_parent_contract_closure_20260522T1132Z/pareto_gap_uleb/materialized/drop_rank002_pair0109/local_cpu_advisory.json	experiments/results/mlx_decoderq_parent_contract_closure_20260522T1132Z/pareto_gap_uleb/materialized/drop_rank002_pair0109/local_cpu_advisory_work
3576960	experiments/results/mlx_decoderq_parent_contract_closure_20260522T1132Z/pareto_gap_uleb/materialized/drop_rank003_pair0479/local_cpu_advisory.json	experiments/results/mlx_decoderq_parent_contract_closure_20260522T1132Z/pareto_gap_uleb/materialized/drop_rank003_pair0479/local_cpu_advisory_work
3576960	experiments/results/mlx_decoderq_parent_contract_closure_20260522T1132Z/pareto_gap_uleb/materialized/drop_rank004_pair0098/local_cpu_advisory.json	experiments/results/mlx_decoderq_parent_contract_closure_20260522T1132Z/pareto_gap_uleb/materialized/drop_rank004_pair0098/local_cpu_advisory_work
3576960	experiments/results/mlx_decoderq_parent_contract_closure_20260522T1132Z/pareto_gap_uleb/materialized/drop_rank005_pair0467/local_cpu_advisory.json	experiments/results/mlx_decoderq_parent_contract_closure_20260522T1132Z/pareto_gap_uleb/materialized/drop_rank005_pair0467/local_cpu_advisory_work
3576960	experiments/results/mlx_decoderq_parent_contract_closure_20260522T1132Z/pareto_gap_uleb/materialized/drop_rank006_pair0544/local_cpu_advisory.json	experiments/results/mlx_decoderq_parent_contract_closure_20260522T1132Z/pareto_gap_uleb/materialized/drop_rank006_pair0544/local_cpu_advisory_work
3576960	experiments/results/mlx_decoderq_parent_contract_closure_20260522T1132Z/pareto_gap_uleb/materialized/drop_rank007_pair0059/local_cpu_advisory.json	experiments/results/mlx_decoderq_parent_contract_closure_20260522T1132Z/pareto_gap_uleb/materialized/drop_rank007_pair0059/local_cpu_advisory_work
3576960	experiments/results/mlx_decoderq_parent_contract_closure_20260522T1132Z/pareto_gap_uleb/materialized/drop_rank008_pair0496/local_cpu_advisory.json	experiments/results/mlx_decoderq_parent_contract_closure_20260522T1132Z/pareto_gap_uleb/materialized/drop_rank008_pair0496/local_cpu_advisory_work
3576960	experiments/results/mlx_decoderq_parent_contract_closure_20260522T1132Z/pareto_gap_uleb/materialized/drop_rank009_pair0459/local_cpu_advisory.json	experiments/results/mlx_decoderq_parent_contract_closure_20260522T1132Z/pareto_gap_uleb/materialized/drop_rank009_pair0459/local_cpu_advisory_work
3576960	experiments/results/mlx_decoderq_parent_contract_closure_20260522T1132Z/pareto_gap_uleb/materialized/drop_rank011_pair0555/local_cpu_advisory.json	experiments/results/mlx_decoderq_parent_contract_closure_20260522T1132Z/pareto_gap_uleb/materialized/drop_rank011_pair0555/local_cpu_advisory_work
3576960	experiments/results/mlx_decoderq_parent_contract_closure_20260522T1132Z/pareto_gap_uleb/materialized/drop_rank012_pair0134/local_cpu_advisory.json	experiments/results/mlx_decoderq_parent_contract_closure_20260522T1132Z/pareto_gap_uleb/materialized/drop_rank012_pair0134/local_cpu_advisory_work
3576960	experiments/results/mlx_decoderq_parent_contract_closure_20260522T1132Z/pareto_gap_uleb/materialized/drop_rank014_pair0492/local_cpu_advisory.json	experiments/results/mlx_decoderq_parent_contract_closure_20260522T1132Z/pareto_gap_uleb/materialized/drop_rank014_pair0492/local_cpu_advisory_work
3576960	experiments/results/mlx_decoderq_parent_contract_closure_20260522T1132Z/pareto_gap_uleb/materialized/drop_rank015_pair0068/local_cpu_advisory.json	experiments/results/mlx_decoderq_parent_contract_closure_20260522T1132Z/pareto_gap_uleb/materialized/drop_rank015_pair0068/local_cpu_advisory_work
3576960	experiments/results/mlx_decoderq_parent_contract_closure_20260522T1132Z/pareto_gap_uleb/materialized/drop_rank016_pair0229/local_cpu_advisory.json	experiments/results/mlx_decoderq_parent_contract_closure_20260522T1132Z/pareto_gap_uleb/materialized/drop_rank016_pair0229/local_cpu_advisory_work
3576960	experiments/results/mlx_decoderq_parent_contract_closure_20260522T1132Z/pareto_gap_uleb/materialized/drop_rank017_pair0242/local_cpu_advisory.json	experiments/results/mlx_decoderq_parent_contract_closure_20260522T1132Z/pareto_gap_uleb/materialized/drop_rank017_pair0242/local_cpu_advisory_work
3576960	experiments/results/mlx_decoderq_parent_contract_closure_20260522T1132Z/pareto_gap_uleb/materialized/drop_rank018_pair0588/local_cpu_advisory.json	experiments/results/mlx_decoderq_parent_contract_closure_20260522T1132Z/pareto_gap_uleb/materialized/drop_rank018_pair0588/local_cpu_advisory_work
3576960	experiments/results/mlx_decoderq_parent_contract_closure_20260522T1132Z/pareto_gap_uleb/materialized/drop_rank020_pair0430/local_cpu_advisory.json	experiments/results/mlx_decoderq_parent_contract_closure_20260522T1132Z/pareto_gap_uleb/materialized/drop_rank020_pair0430/local_cpu_advisory_work
3576960	experiments/results/mlx_decoderq_parent_contract_closure_20260522T1132Z/pareto_gap_uleb/materialized/drop_rank023_pair0440/local_cpu_advisory.json	experiments/results/mlx_decoderq_parent_contract_closure_20260522T1132Z/pareto_gap_uleb/materialized/drop_rank023_pair0440/local_cpu_advisory_work
3576960	experiments/results/mlx_decoderq_parent_contract_closure_20260522T1132Z/pareto_gap_uleb/materialized/drop_rank024_pair0112/local_cpu_advisory.json	experiments/results/mlx_decoderq_parent_contract_closure_20260522T1132Z/pareto_gap_uleb/materialized/drop_rank024_pair0112/local_cpu_advisory_work
3576960	experiments/results/mlx_decoderq_parent_contract_closure_20260522T1132Z/pareto_gap_uleb/materialized/drop_rank025_pair0026/local_cpu_advisory.json	experiments/results/mlx_decoderq_parent_contract_closure_20260522T1132Z/pareto_gap_uleb/materialized/drop_rank025_pair0026/local_cpu_advisory_work
3576960	experiments/results/mlx_decoderq_parent_contract_closure_20260522T1132Z/pareto_gap_uleb/materialized/drop_rank028_pair0257/local_cpu_advisory.json	experiments/results/mlx_decoderq_parent_contract_closure_20260522T1132Z/pareto_gap_uleb/materialized/drop_rank028_pair0257/local_cpu_advisory_work
3576960	experiments/results/mlx_decoderq_parent_contract_closure_20260522T1132Z/pareto_gap_uleb/materialized/drop_rank029_pair0259/local_cpu_advisory.json	experiments/results/mlx_decoderq_parent_contract_closure_20260522T1132Z/pareto_gap_uleb/materialized/drop_rank029_pair0259/local_cpu_advisory_work
3576960	experiments/results/mlx_decoderq_parent_contract_closure_20260522T1132Z/pareto_gap_uleb/materialized/drop_rank030_pair0412/local_cpu_advisory.json	experiments/results/mlx_decoderq_parent_contract_closure_20260522T1132Z/pareto_gap_uleb/materialized/drop_rank030_pair0412/local_cpu_advisory_work
3576960	experiments/results/mlx_decoderq_parent_contract_closure_20260522T1132Z/pareto_gap_uleb/materialized/drop_two_r028_027_p0257_0378/local_cpu_advisory.json	experiments/results/mlx_decoderq_parent_contract_closure_20260522T1132Z/pareto_gap_uleb/materialized/drop_two_r028_027_p0257_0378/local_cpu_advisory_work
3576960	experiments/results/mlx_decoderq_parent_contract_closure_20260522T1132Z/pareto_gap_uleb/materialized/drop_two_r029_010_p0259_0376/local_cpu_advisory.json	experiments/results/mlx_decoderq_parent_contract_closure_20260522T1132Z/pareto_gap_uleb/materialized/drop_two_r029_010_p0259_0376/local_cpu_advisory_work
3576960	experiments/results/mlx_decoderq_parent_contract_closure_20260522T1132Z/pareto_gap_uleb/materialized/drop_two_r029_013_p0259_0327/local_cpu_advisory.json	experiments/results/mlx_decoderq_parent_contract_closure_20260522T1132Z/pareto_gap_uleb/materialized/drop_two_r029_013_p0259_0327/local_cpu_advisory_work
3576960	experiments/results/mlx_decoderq_parent_contract_closure_20260522T1132Z/pareto_gap_uleb/materialized/drop_two_r029_021_p0259_0371/local_cpu_advisory.json	experiments/results/mlx_decoderq_parent_contract_closure_20260522T1132Z/pareto_gap_uleb/materialized/drop_two_r029_021_p0259_0371/local_cpu_advisory_work
