34576	-0.5874810893110549	experiments/results/mdl_ablation_c6_decoder_mps_s3003_20260514_codex/c6_dec_mps_s3003_mdl_ablation.json
15987	-0.5430020049128927	experiments/results/mdl_ablation_c6_decoder_mps_s3008_20260514_codex/c6_dec_mps_s3008_mdl_ablation.json
28936	-0.5320616167011778	experiments/results/mdl_ablation_c6_decoder_mps_s3003_20260514_codex/c6_dec_mps_s3003_mdl_ablation.json
43437	-0.5106837398894513	experiments/results/mdl_ablation_c6_decoder_mps_s3002_20260514_codex/c6_dec_mps_s3002_mdl_ablation.json
21093	-0.4705084506835959	experiments/results/mdl_ablation_c6_decoder_mps_s3004_20260514_codex/c6_dec_mps_s3004_mdl_ablation.json
14786	-0.4656105506610828	experiments/results/mdl_ablation_c6_decoder_mps_s3004_20260514_codex/c6_dec_mps_s3004_mdl_ablation.json
89550	-0.4611379163970355	experiments/results/mdl_ablation_c6_decoder_mps_s3004_20260514_codex/c6_dec_mps_s3004_mdl_ablation.json
86325	-0.45461355172088247	experiments/results/mdl_ablation_c6_decoder_mps_s3008_20260514_codex/c6_dec_mps_s3008_mdl_ablation.json
75281	-0.4498017222265034	experiments/results/mdl_ablation_c6_decoder_mps_s3005_20260514_codex/c6_dec_mps_s3005_mdl_ablation.json
34858	-0.4489170482384637	experiments/results/mdl_ablation_c6_decoder_mps_s3001_20260514_codex/c6_dec_mps_s3001_mdl_ablation.json
6668	-0.40030790809913697	experiments/results/mdl_ablation_c6_decoder_mps_s3003_20260514_codex/c6_dec_mps_s3003_mdl_ablation.json
14316	-0.3838502272306883	experiments/results/mdl_ablation_c6_decoder_mps_s3003_20260514_codex/c6_dec_mps_s3003_mdl_ablation.json
48263	-0.38060633166444546	experiments/results/mdl_ablation_c6_decoder_mps_s3008_20260514_codex/c6_dec_mps_s3008_mdl_ablation.json
52898	-0.36585945957571653	experiments/results/mdl_ablation_c6_decoder_mps_s3002_20260514_codex/c6_dec_mps_s3002_mdl_ablation.json
1317	-0.3550278552493893	experiments/results/mdl_ablation_c6_decoder_mps_s3008_20260514_codex/c6_dec_mps_s3008_mdl_ablation.json
35819	-0.34746803832703677	experiments/results/mdl_ablation_c6_decoder_mps_s3006_20260514_codex/c6_dec_mps_s3006_mdl_ablation.json
4448	-0.3443271465083555	experiments/results/mdl_ablation_c6_decoder_mps_s3004_20260514_codex/c6_dec_mps_s3004_mdl_ablation.json
1395	-0.34220614361144897	experiments/results/mdl_ablation_c6_decoder_mps_s3006_20260514_codex/c6_dec_mps_s3006_mdl_ablation.json
39397	-0.3417049378482844	experiments/results/mdl_ablation_c6_decoder_mps_s3003_20260514_codex/c6_dec_mps_s3003_mdl_ablation.json
11325	-0.3399724998767937	experiments/results/mdl_ablation_c6_decoder_mps_s3005_20260514_codex/c6_dec_mps_s3005_mdl_ablation.json
15244	-0.339075374390049	experiments/results/mdl_ablation_c6_decoder_mps_s3003_20260514_codex/c6_dec_mps_s3003_mdl_ablation.json
50023	-0.3179380195445276	experiments/results/mdl_ablation_c6_decoder_mps_s3006_20260514_codex/c6_dec_mps_s3006_mdl_ablation.json
64894	-0.3027178767835892	experiments/results/mdl_ablation_c6_decoder_mps_s3004_20260514_codex/c6_dec_mps_s3004_mdl_ablation.json
65756	-0.3019743854996122	experiments/results/mdl_ablation_c6_decoder_mps_s3008_20260514_codex/c6_dec_mps_s3008_mdl_ablation.json
111056	-0.301245852370009	experiments/results/mdl_ablation_c6_decoder_mps_s3004_20260514_codex/c6_dec_mps_s3004_mdl_ablation.json
49754	-0.2995297034038913	experiments/results/mdl_ablation_c6_decoder_mps_s3008_20260514_codex/c6_dec_mps_s3008_mdl_ablation.json
135811	-0.29744187432628166	experiments/results/mdl_ablation_c6_decoder_mps_s3005_20260514_codex/c6_dec_mps_s3005_mdl_ablation.json
57302	-0.2893361287507261	experiments/results/mdl_ablation_c6_decoder_mps_s3007_20260514_codex/c6_dec_mps_s3007_mdl_ablation.json
91556	-0.2854465538126263	experiments/results/mdl_ablation_c6_decoder_mps_s3006_20260514_codex/c6_dec_mps_s3006_mdl_ablation.json
105732	-0.2853526526414356	experiments/results/mdl_ablation_c6_decoder_mps_s3006_20260514_codex/c6_dec_mps_s3006_mdl_ablation.json
7127	-0.2785950246742388	experiments/results/mdl_ablation_c6_decoder_mps_s3003_20260514_codex/c6_dec_mps_s3003_mdl_ablation.json
50278	-0.27782141728272336	experiments/results/mdl_ablation_c6_decoder_mps_s3003_20260514_codex/c6_dec_mps_s3003_mdl_ablation.json
100087	-0.2776547661635007	experiments/results/mdl_ablation_c6_decoder_mps_s3006_20260514_codex/c6_dec_mps_s3006_mdl_ablation.json
14912	-0.27432624093911073	experiments/results/mdl_ablation_c6_decoder_mps_s3008_20260514_codex/c6_dec_mps_s3008_mdl_ablation.json
40510	-0.2692355475508137	experiments/results/mdl_ablation_c6_decoder_mps_s3006_20260514_codex/c6_dec_mps_s3006_mdl_ablation.json
115668	-0.26631265883829514	experiments/results/mdl_ablation_c6_decoder_mps_s3003_20260514_codex/c6_dec_mps_s3003_mdl_ablation.json
27142	-0.26591054879811793	experiments/results/mdl_ablation_c6_decoder_mps_s3005_20260514_codex/c6_dec_mps_s3005_mdl_ablation.json
62040	-0.2657835625475613	experiments/results/mdl_ablation_c6_decoder_mps_s3004_20260514_codex/c6_dec_mps_s3004_mdl_ablation.json
87101	-0.2634360685444648	experiments/results/mdl_ablation_c6_decoder_mps_s3006_20260514_codex/c6_dec_mps_s3006_mdl_ablation.json
109547	-0.2601026264650841	experiments/results/mdl_ablation_c6_decoder_mps_s3006_20260514_codex/c6_dec_mps_s3006_mdl_ablation.json
68000	-0.2500348264956713	experiments/results/mdl_ablation_c6_decoder_mps_s3006_20260514_codex/c6_dec_mps_s3006_mdl_ablation.json
91540	-0.2443344142549293	experiments/results/mdl_ablation_c6_decoder_mps_s3004_20260514_codex/c6_dec_mps_s3004_mdl_ablation.json
28667	-0.23779605973448525	experiments/results/mdl_ablation_c6_decoder_mps_s3001_20260514_codex/c6_dec_mps_s3001_mdl_ablation.json
84386	-0.2354438991523935	experiments/results/mdl_ablation_c6_decoder_mps_s3007_20260514_codex/c6_dec_mps_s3007_mdl_ablation.json
14865	-0.23220533400498766	experiments/results/mdl_ablation_c6_decoder_mps_s3002_20260514_codex/c6_dec_mps_s3002_mdl_ablation.json
91396	-0.22329737383294201	experiments/results/mdl_ablation_c6_decoder_mps_s3004_20260514_codex/c6_dec_mps_s3004_mdl_ablation.json
105511	-0.22214147741836143	experiments/results/mdl_ablation_c6_decoder_mps_s3005_20260514_codex/c6_dec_mps_s3005_mdl_ablation.json
35378	-0.22210240824132654	experiments/results/mdl_ablation_c6_decoder_mps_s3006_20260514_codex/c6_dec_mps_s3006_mdl_ablation.json
40189	-0.2166887375259492	experiments/results/mdl_ablation_c6_decoder_mps_s3005_20260514_codex/c6_dec_mps_s3005_mdl_ablation.json
96573	-0.21413514082966145	experiments/results/mdl_ablation_c6_decoder_mps_s3003_20260514_codex/c6_dec_mps_s3003_mdl_ablation.json
129291	-0.2087627047179268	experiments/results/mdl_ablation_c6_decoder_mps_s3006_20260514_codex/c6_dec_mps_s3006_mdl_ablation.json
92388	-0.1989434313659686	experiments/results/mdl_ablation_c6_decoder_mps_s3007_20260514_codex/c6_dec_mps_s3007_mdl_ablation.json
63698	-0.19437561654089563	experiments/results/mdl_ablation_c6_decoder_mps_s3001_20260514_codex/c6_dec_mps_s3001_mdl_ablation.json
92986	-0.19305743214007975	experiments/results/mdl_ablation_c6_decoder_mps_s3002_20260514_codex/c6_dec_mps_s3002_mdl_ablation.json
115069	-0.19192929030633366	experiments/results/mdl_ablation_c6_decoder_mps_s3005_20260514_codex/c6_dec_mps_s3005_mdl_ablation.json
25547	-0.18803883103989705	experiments/results/mdl_ablation_c6_decoder_mps_s3001_20260514_codex/c6_dec_mps_s3001_mdl_ablation.json
100065	-0.1865927775259948	experiments/results/mdl_ablation_c6_decoder_mps_s3001_20260514_codex/c6_dec_mps_s3001_mdl_ablation.json
34322	-0.177725044988442	experiments/results/mdl_ablation_c6_decoder_mps_s3002_20260514_codex/c6_dec_mps_s3002_mdl_ablation.json
72939	-0.1739303356491817	experiments/results/mdl_ablation_c6_decoder_mps_s3006_20260514_codex/c6_dec_mps_s3006_mdl_ablation.json
121082	-0.1735777031385055	experiments/results/mdl_ablation_c6_decoder_mps_s3002_20260514_codex/c6_dec_mps_s3002_mdl_ablation.json
62110	-0.16818046202379122	experiments/results/mdl_ablation_c6_decoder_mps_s3003_20260514_codex/c6_dec_mps_s3003_mdl_ablation.json
89261	-0.16673982243863605	experiments/results/mdl_ablation_c6_decoder_mps_s3006_20260514_codex/c6_dec_mps_s3006_mdl_ablation.json
122729	-0.16181302852343293	experiments/results/mdl_ablation_c6_decoder_mps_s3006_20260514_codex/c6_dec_mps_s3006_mdl_ablation.json
94354	-0.15818878303639394	experiments/results/mdl_ablation_c6_decoder_mps_s3008_20260514_codex/c6_dec_mps_s3008_mdl_ablation.json
103950	-0.15620492461668078	experiments/results/mdl_ablation_c6_decoder_mps_s3006_20260514_codex/c6_dec_mps_s3006_mdl_ablation.json
105721	-0.15428311123672245	experiments/results/mdl_ablation_c6_decoder_mps_s3004_20260514_codex/c6_dec_mps_s3004_mdl_ablation.json
76546	-0.15420392848088937	experiments/results/mdl_ablation_c6_decoder_mps_s3006_20260514_codex/c6_dec_mps_s3006_mdl_ablation.json
93865	-0.15369427553156356	experiments/results/mdl_ablation_c6_decoder_mps_s3004_20260514_codex/c6_dec_mps_s3004_mdl_ablation.json
25396	-0.14502354895473246	experiments/results/mdl_ablation_c6_decoder_mps_s3004_20260514_codex/c6_dec_mps_s3004_mdl_ablation.json
109527	-0.14382721317328873	experiments/results/mdl_ablation_c6_decoder_mps_s3003_20260514_codex/c6_dec_mps_s3003_mdl_ablation.json
89131	-0.14344918498921544	experiments/results/mdl_ablation_c6_decoder_mps_s3001_20260514_codex/c6_dec_mps_s3001_mdl_ablation.json
58335	-0.14027353519291808	experiments/results/mdl_ablation_c6_decoder_mps_s3002_20260514_codex/c6_dec_mps_s3002_mdl_ablation.json
111940	-0.13954927776542547	experiments/results/mdl_ablation_c6_decoder_mps_s3006_20260514_codex/c6_dec_mps_s3006_mdl_ablation.json
63979	-0.13724700890812613	experiments/results/mdl_ablation_c6_decoder_mps_s3002_20260514_codex/c6_dec_mps_s3002_mdl_ablation.json
45781	-0.13580546141459848	experiments/results/mdl_ablation_c6_decoder_mps_s3002_20260514_codex/c6_dec_mps_s3002_mdl_ablation.json
119153	-0.13555784632858803	experiments/results/mdl_ablation_c6_decoder_mps_s3007_20260514_codex/c6_dec_mps_s3007_mdl_ablation.json
3410	-0.126126126847943	experiments/results/mdl_ablation_c6_decoder_mps_s3002_20260514_codex/c6_dec_mps_s3002_mdl_ablation.json
121194	-0.12553638423521107	experiments/results/mdl_ablation_c6_decoder_mps_s3005_20260514_codex/c6_dec_mps_s3005_mdl_ablation.json
49382	-0.11856372360276168	experiments/results/mdl_ablation_c6_decoder_mps_s3004_20260514_codex/c6_dec_mps_s3004_mdl_ablation.json
36470	-0.11812385866755193	experiments/results/mdl_ablation_c6_decoder_mps_s3003_20260514_codex/c6_dec_mps_s3003_mdl_ablation.json
91199	-0.11657561599508881	experiments/results/mdl_ablation_c6_decoder_mps_s3006_20260514_codex/c6_dec_mps_s3006_mdl_ablation.json
102350	-0.1150647672183851	experiments/results/mdl_ablation_c6_decoder_mps_s3006_20260514_codex/c6_dec_mps_s3006_mdl_ablation.json
72324	-0.1079370504137458	experiments/results/mdl_ablation_c6_decoder_mps_s3005_20260514_codex/c6_dec_mps_s3005_mdl_ablation.json
116508	-0.10433426301785431	experiments/results/mdl_ablation_c6_decoder_mps_s3003_20260514_codex/c6_dec_mps_s3003_mdl_ablation.json
85372	-0.10337670873009586	experiments/results/mdl_ablation_c6_decoder_mps_s3003_20260514_codex/c6_dec_mps_s3003_mdl_ablation.json
81915	-0.10324509117845793	experiments/results/mdl_ablation_c6_decoder_mps_s3006_20260514_codex/c6_dec_mps_s3006_mdl_ablation.json
70908	-0.1028299348616386	experiments/results/mdl_ablation_c6_decoder_mps_s3008_20260514_codex/c6_dec_mps_s3008_mdl_ablation.json
85887	-0.10281653299739446	experiments/results/mdl_ablation_c6_decoder_mps_s3006_20260514_codex/c6_dec_mps_s3006_mdl_ablation.json
113238	-0.09487533316287511	experiments/results/mdl_ablation_c6_decoder_mps_s3004_20260514_codex/c6_dec_mps_s3004_mdl_ablation.json
98230	-0.09444299672848189	experiments/results/mdl_ablation_c6_decoder_mps_s3001_20260514_codex/c6_dec_mps_s3001_mdl_ablation.json
58350	-0.08889904208327692	experiments/results/mdl_ablation_c6_decoder_mps_s3005_20260514_codex/c6_dec_mps_s3005_mdl_ablation.json
80423	-0.0854983716820783	experiments/results/mdl_ablation_c6_decoder_mps_s3003_20260514_codex/c6_dec_mps_s3003_mdl_ablation.json
37006	-0.08323179036756301	experiments/results/mdl_ablation_c6_decoder_mps_s3004_20260514_codex/c6_dec_mps_s3004_mdl_ablation.json
123102	-0.08320802381683734	experiments/results/mdl_ablation_c6_decoder_mps_s3006_20260514_codex/c6_dec_mps_s3006_mdl_ablation.json
46983	-0.08295896853561402	experiments/results/mdl_ablation_c6_decoder_mps_s3007_20260514_codex/c6_dec_mps_s3007_mdl_ablation.json
118944	-0.07914166573626602	experiments/results/mdl_ablation_c6_decoder_mps_s3002_20260514_codex/c6_dec_mps_s3002_mdl_ablation.json
33401	-0.07366252976845544	experiments/results/mdl_ablation_c6_decoder_mps_s3003_20260514_codex/c6_dec_mps_s3003_mdl_ablation.json
94293	-0.07284690487205836	experiments/results/mdl_ablation_c6_decoder_mps_s3007_20260514_codex/c6_dec_mps_s3007_mdl_ablation.json
832	-0.07178805520530318	experiments/results/mdl_ablation_c6_decoder_mps_s3003_20260514_codex/c6_dec_mps_s3003_mdl_ablation.json
32402	-0.07154496889930329	experiments/results/mdl_ablation_c6_decoder_mps_s3004_20260514_codex/c6_dec_mps_s3004_mdl_ablation.json
86112	-0.07129782600446077	experiments/results/mdl_ablation_c6_decoder_mps_s3007_20260514_codex/c6_dec_mps_s3007_mdl_ablation.json
96360	-0.06257602202839507	experiments/results/mdl_ablation_c6_decoder_mps_s3007_20260514_codex/c6_dec_mps_s3007_mdl_ablation.json
85953	-0.062243179041630015	experiments/results/mdl_ablation_c6_decoder_mps_s3006_20260514_codex/c6_dec_mps_s3006_mdl_ablation.json
102455	-0.06112961928517535	experiments/results/mdl_ablation_c6_decoder_mps_s3001_20260514_codex/c6_dec_mps_s3001_mdl_ablation.json
113327	-0.0610021155479501	experiments/results/mdl_ablation_c6_decoder_mps_s3004_20260514_codex/c6_dec_mps_s3004_mdl_ablation.json
91086	-0.06074833379600619	experiments/results/mdl_ablation_c6_decoder_mps_s3005_20260514_codex/c6_dec_mps_s3005_mdl_ablation.json
80621	-0.05874109371109881	experiments/results/mdl_ablation_c6_decoder_mps_s3003_20260514_codex/c6_dec_mps_s3003_mdl_ablation.json
68866	-0.05634246495922213	experiments/results/mdl_ablation_c6_decoder_mps_s3004_20260514_codex/c6_dec_mps_s3004_mdl_ablation.json
60013	-0.05624787519084151	experiments/results/mdl_ablation_c6_decoder_mps_s3001_20260514_codex/c6_dec_mps_s3001_mdl_ablation.json
101808	-0.055954385957313946	experiments/results/mdl_ablation_c6_decoder_mps_s3002_20260514_codex/c6_dec_mps_s3002_mdl_ablation.json
80159	-0.05308564005961358	experiments/results/mdl_ablation_c6_decoder_mps_s3007_20260514_codex/c6_dec_mps_s3007_mdl_ablation.json
107952	-0.05304935049674242	experiments/results/mdl_ablation_c6_decoder_mps_s3005_20260514_codex/c6_dec_mps_s3005_mdl_ablation.json
18099	-0.049412215323378916	experiments/results/mdl_ablation_c6_decoder_mps_s3007_20260514_codex/c6_dec_mps_s3007_mdl_ablation.json
121970	-0.04898836566985665	experiments/results/mdl_ablation_c6_decoder_mps_s3006_20260514_codex/c6_dec_mps_s3006_mdl_ablation.json
116266	-0.04887734532521648	experiments/results/mdl_ablation_c6_decoder_mps_s3004_20260514_codex/c6_dec_mps_s3004_mdl_ablation.json
118937	-0.0487143182451959	experiments/results/mdl_ablation_c6_decoder_mps_s3006_20260514_codex/c6_dec_mps_s3006_mdl_ablation.json
29365	-0.04773779141648049	experiments/results/mdl_ablation_c6_decoder_mps_s3001_20260514_codex/c6_dec_mps_s3001_mdl_ablation.json
138919	-0.04298942096511382	experiments/results/mdl_ablation_c6_decoder_mps_s3001_20260514_codex/c6_dec_mps_s3001_mdl_ablation.json
72847	-0.04276054389396933	experiments/results/mdl_ablation_c6_decoder_mps_s3004_20260514_codex/c6_dec_mps_s3004_mdl_ablation.json
94564	-0.042529707693319097	experiments/results/mdl_ablation_c6_decoder_mps_s3008_20260514_codex/c6_dec_mps_s3008_mdl_ablation.json
45215	-0.04074801487956847	experiments/results/mdl_ablation_c6_decoder_mps_s3001_20260514_codex/c6_dec_mps_s3001_mdl_ablation.json
92445	-0.03706171182304274	experiments/results/mdl_ablation_c6_decoder_mps_s3006_20260514_codex/c6_dec_mps_s3006_mdl_ablation.json
117744	-0.036068875157837965	experiments/results/mdl_ablation_c6_decoder_mps_s3005_20260514_codex/c6_dec_mps_s3005_mdl_ablation.json
82615	-0.03275455507062475	experiments/results/mdl_ablation_c6_decoder_mps_s3008_20260514_codex/c6_dec_mps_s3008_mdl_ablation.json
101553	-0.03226521037552743	experiments/results/mdl_ablation_c6_decoder_mps_s3001_20260514_codex/c6_dec_mps_s3001_mdl_ablation.json
51047	-0.031170572007148678	experiments/results/mdl_ablation_c6_decoder_mps_s3002_20260514_codex/c6_dec_mps_s3002_mdl_ablation.json
52959	-0.029432662881212934	experiments/results/mdl_ablation_c6_decoder_mps_s3001_20260514_codex/c6_dec_mps_s3001_mdl_ablation.json
131908	-0.029330353463834058	experiments/results/mdl_ablation_c6_decoder_mps_s3007_20260514_codex/c6_dec_mps_s3007_mdl_ablation.json
100079	-0.02891200929364146	experiments/results/mdl_ablation_c6_decoder_mps_s3007_20260514_codex/c6_dec_mps_s3007_mdl_ablation.json
85186	-0.02886135916006083	experiments/results/mdl_ablation_c6_decoder_mps_s3006_20260514_codex/c6_dec_mps_s3006_mdl_ablation.json
90114	-0.027229399116137643	experiments/results/mdl_ablation_c6_decoder_mps_s3005_20260514_codex/c6_dec_mps_s3005_mdl_ablation.json
118757	-0.027167828922607384	experiments/results/mdl_ablation_c6_decoder_mps_s3004_20260514_codex/c6_dec_mps_s3004_mdl_ablation.json
78656	-0.025876983943241783	experiments/results/mdl_ablation_c6_decoder_mps_s3006_20260514_codex/c6_dec_mps_s3006_mdl_ablation.json
91275	-0.023973820914591215	experiments/results/mdl_ablation_c6_decoder_mps_s3004_20260514_codex/c6_dec_mps_s3004_mdl_ablation.json
96842	-0.022518807666273233	experiments/results/mdl_ablation_c6_decoder_mps_s3003_20260514_codex/c6_dec_mps_s3003_mdl_ablation.json
122967	-0.022496258651266032	experiments/results/mdl_ablation_c6_decoder_mps_s3005_20260514_codex/c6_dec_mps_s3005_mdl_ablation.json
121523	-0.022016392973334575	experiments/results/mdl_ablation_c6_decoder_mps_s3008_20260514_codex/c6_dec_mps_s3008_mdl_ablation.json
119531	-0.019341575338501116	experiments/results/mdl_ablation_c6_decoder_mps_s3001_20260514_codex/c6_dec_mps_s3001_mdl_ablation.json
92320	-0.01890504555075978	experiments/results/mdl_ablation_c6_decoder_mps_s3006_20260514_codex/c6_dec_mps_s3006_mdl_ablation.json
7155	-0.018801468806508126	experiments/results/mdl_ablation_c6_decoder_mps_s3007_20260514_codex/c6_dec_mps_s3007_mdl_ablation.json
90986	-0.017295566409714525	experiments/results/mdl_ablation_c6_decoder_mps_s3002_20260514_codex/c6_dec_mps_s3002_mdl_ablation.json
118963	-0.014249019091735704	experiments/results/mdl_ablation_c6_decoder_mps_s3002_20260514_codex/c6_dec_mps_s3002_mdl_ablation.json
70236	-0.012565107893905747	experiments/results/mdl_ablation_c6_decoder_mps_s3002_20260514_codex/c6_dec_mps_s3002_mdl_ablation.json
17377	-0.012172537794540972	experiments/results/mdl_ablation_c6_decoder_mps_s3001_20260514_codex/c6_dec_mps_s3001_mdl_ablation.json
79053	-0.01161329055871363	experiments/results/mdl_ablation_c6_decoder_mps_s3004_20260514_codex/c6_dec_mps_s3004_mdl_ablation.json
24257	-0.011594287939239223	experiments/results/mdl_ablation_c6_decoder_mps_s3005_20260514_codex/c6_dec_mps_s3005_mdl_ablation.json
102119	-0.011521887098048467	experiments/results/mdl_ablation_c6_decoder_mps_s3008_20260514_codex/c6_dec_mps_s3008_mdl_ablation.json
95976	-0.010344291150758522	experiments/results/mdl_ablation_c6_decoder_mps_s3005_20260514_codex/c6_dec_mps_s3005_mdl_ablation.json
90066	-0.008747594084233867	experiments/results/mdl_ablation_c6_decoder_mps_s3001_20260514_codex/c6_dec_mps_s3001_mdl_ablation.json
74204	-0.008569425364512995	experiments/results/mdl_ablation_c6_decoder_mps_s3001_20260514_codex/c6_dec_mps_s3001_mdl_ablation.json
88116	-0.008446579883433003	experiments/results/mdl_ablation_c6_decoder_mps_s3002_20260514_codex/c6_dec_mps_s3002_mdl_ablation.json
95861	-0.008182314189163264	experiments/results/mdl_ablation_c6_decoder_mps_s3002_20260514_codex/c6_dec_mps_s3002_mdl_ablation.json
45145	-0.008099177326450047	experiments/results/mdl_ablation_c6_decoder_mps_s3005_20260514_codex/c6_dec_mps_s3005_mdl_ablation.json
13217	-0.00806375045402774	experiments/results/mdl_ablation_c6_decoder_mps_s3005_20260514_codex/c6_dec_mps_s3005_mdl_ablation.json
54540	-0.0078088641673517145	experiments/results/mdl_ablation_c6_decoder_mps_s3005_20260514_codex/c6_dec_mps_s3005_mdl_ablation.json
103235	-0.007610875735196032	experiments/results/mdl_ablation_c6_decoder_mps_s3003_20260514_codex/c6_dec_mps_s3003_mdl_ablation.json
71730	-0.007070864632822804	experiments/results/mdl_ablation_c6_decoder_mps_s3005_20260514_codex/c6_dec_mps_s3005_mdl_ablation.json
55821	-0.006551198562405602	experiments/results/mdl_ablation_c6_decoder_mps_s3006_20260514_codex/c6_dec_mps_s3006_mdl_ablation.json
121546	-0.006549653463032712	experiments/results/mdl_ablation_c6_decoder_mps_s3008_20260514_codex/c6_dec_mps_s3008_mdl_ablation.json
57002	-0.005361531799856323	experiments/results/mdl_ablation_c6_decoder_mps_s3008_20260514_codex/c6_dec_mps_s3008_mdl_ablation.json
54005	-0.005259864306566442	experiments/results/mdl_ablation_c6_decoder_mps_s3006_20260514_codex/c6_dec_mps_s3006_mdl_ablation.json
31043	-0.005040029291357939	experiments/results/mdl_ablation_c6_decoder_mps_s3003_20260514_codex/c6_dec_mps_s3003_mdl_ablation.json
96922	-0.005035237259136238	experiments/results/mdl_ablation_c6_decoder_mps_s3004_20260514_codex/c6_dec_mps_s3004_mdl_ablation.json
56495	-0.004911267204406045	experiments/results/mdl_ablation_c6_decoder_mps_s3005_20260514_codex/c6_dec_mps_s3005_mdl_ablation.json
57511	-0.0045866362301651975	experiments/results/mdl_ablation_c6_decoder_mps_s3008_20260514_codex/c6_dec_mps_s3008_mdl_ablation.json
46838	-0.004460747435174994	experiments/results/mdl_ablation_c6_decoder_mps_s3002_20260514_codex/c6_dec_mps_s3002_mdl_ablation.json
141574	-0.004193307596260354	experiments/results/mdl_ablation_c6_decoder_mps_s3006_20260514_codex/c6_dec_mps_s3006_mdl_ablation.json
104656	-0.003993662990517066	experiments/results/mdl_ablation_c6_decoder_mps_s3001_20260514_codex/c6_dec_mps_s3001_mdl_ablation.json
61497	-0.0035075900965111373	experiments/results/mdl_ablation_c6_decoder_mps_s3003_20260514_codex/c6_dec_mps_s3003_mdl_ablation.json
14936	-0.0033385406862294076	experiments/results/mdl_ablation_c6_decoder_mps_s3001_20260514_codex/c6_dec_mps_s3001_mdl_ablation.json
10394	-0.0032606663865095697	experiments/results/mdl_ablation_c6_decoder_mps_s3006_20260514_codex/c6_dec_mps_s3006_mdl_ablation.json
28130	-0.0031443258963932408	experiments/results/mdl_ablation_c6_decoder_mps_s3007_20260514_codex/c6_dec_mps_s3007_mdl_ablation.json
27593	-0.0028240373087626836	experiments/results/mdl_ablation_c6_decoder_mps_s3005_20260514_codex/c6_dec_mps_s3005_mdl_ablation.json
56536	-0.002784978724783116	experiments/results/mdl_ablation_c6_decoder_mps_s3003_20260514_codex/c6_dec_mps_s3003_mdl_ablation.json
50395	-0.0026475735214717133	experiments/results/mdl_ablation_c6_decoder_mps_s3004_20260514_codex/c6_dec_mps_s3004_mdl_ablation.json
139252	-0.0025312641914609912	experiments/results/mdl_ablation_c6_decoder_mps_s3006_20260514_codex/c6_dec_mps_s3006_mdl_ablation.json
127937	-0.0024507504996975626	experiments/results/mdl_ablation_c6_decoder_mps_s3008_20260514_codex/c6_dec_mps_s3008_mdl_ablation.json
74032	-0.0023733275947819266	experiments/results/mdl_ablation_c6_decoder_mps_s3002_20260514_codex/c6_dec_mps_s3002_mdl_ablation.json
31488	-0.0023547397996281916	experiments/results/mdl_ablation_c6_decoder_mps_s3003_20260514_codex/c6_dec_mps_s3003_mdl_ablation.json
101577	-0.0022152585377241962	experiments/results/mdl_ablation_c6_decoder_mps_s3004_20260514_codex/c6_dec_mps_s3004_mdl_ablation.json
21075	-0.002027555876701115	experiments/results/mdl_ablation_c6_decoder_mps_s3004_20260514_codex/c6_dec_mps_s3004_mdl_ablation.json
30834	-0.0019141498434436244	experiments/results/mdl_ablation_c6_decoder_mps_s3006_20260514_codex/c6_dec_mps_s3006_mdl_ablation.json
37251	-0.0017731332119126364	experiments/results/mdl_ablation_c6_decoder_mps_s3007_20260514_codex/c6_dec_mps_s3007_mdl_ablation.json
14142	-0.0016892906260963514	experiments/results/mdl_ablation_c6_decoder_mps_s3007_20260514_codex/c6_dec_mps_s3007_mdl_ablation.json
30754	-0.0015713253219686862	experiments/results/mdl_ablation_c6_decoder_mps_s3008_20260514_codex/c6_dec_mps_s3008_mdl_ablation.json
96730	-0.0015191235957274785	experiments/results/mdl_ablation_c6_decoder_mps_s3006_20260514_codex/c6_dec_mps_s3006_mdl_ablation.json
85022	-0.0014808096749376887	experiments/results/mdl_ablation_c6_decoder_mps_s3002_20260514_codex/c6_dec_mps_s3002_mdl_ablation.json
57607	-0.0014386930974978895	experiments/results/mdl_ablation_c6_decoder_mps_s3005_20260514_codex/c6_dec_mps_s3005_mdl_ablation.json
131261	-0.00137962318296303	experiments/results/mdl_ablation_c6_decoder_mps_s3006_20260514_codex/c6_dec_mps_s3006_mdl_ablation.json
56101	-0.001280889687016895	experiments/results/mdl_ablation_c6_decoder_mps_s3005_20260514_codex/c6_dec_mps_s3005_mdl_ablation.json
27599	-0.0012408370833369986	experiments/results/mdl_ablation_c6_decoder_mps_s3002_20260514_codex/c6_dec_mps_s3002_mdl_ablation.json
140692	-0.0012010703553286817	experiments/results/mdl_ablation_c6_decoder_mps_s3002_20260514_codex/c6_dec_mps_s3002_mdl_ablation.json
137684	-0.0011418542347669813	experiments/results/mdl_ablation_c6_decoder_mps_s3003_20260514_codex/c6_dec_mps_s3003_mdl_ablation.json
17347	-0.0011237139107933558	experiments/results/mdl_ablation_c6_decoder_mps_s3007_20260514_codex/c6_dec_mps_s3007_mdl_ablation.json
130760	-0.0010737325972982603	experiments/results/mdl_ablation_c6_decoder_mps_s3005_20260514_codex/c6_dec_mps_s3005_mdl_ablation.json
65281	-0.0010417660119301786	experiments/results/mdl_ablation_c6_decoder_mps_s3002_20260514_codex/c6_dec_mps_s3002_mdl_ablation.json
98157	-0.0010356938500066803	experiments/results/mdl_ablation_c6_decoder_mps_s3001_20260514_codex/c6_dec_mps_s3001_mdl_ablation.json
46783	-0.0010133916409458266	experiments/results/mdl_ablation_c6_decoder_mps_s3001_20260514_codex/c6_dec_mps_s3001_mdl_ablation.json
98221	-0.0009112522526635303	experiments/results/mdl_ablation_c6_decoder_mps_s3004_20260514_codex/c6_dec_mps_s3004_mdl_ablation.json
39777	-0.0008798244175380887	experiments/results/mdl_ablation_c6_decoder_mps_s3002_20260514_codex/c6_dec_mps_s3002_mdl_ablation.json
131716	-0.0008602583891956783	experiments/results/mdl_ablation_c6_decoder_mps_s3003_20260514_codex/c6_dec_mps_s3003_mdl_ablation.json
75673	-0.0007935976700750302	experiments/results/mdl_ablation_c6_decoder_mps_s3004_20260514_codex/c6_dec_mps_s3004_mdl_ablation.json
61081	-0.0007466279657393216	experiments/results/mdl_ablation_c6_decoder_mps_s3002_20260514_codex/c6_dec_mps_s3002_mdl_ablation.json
47907	-0.0006279846911354525	experiments/results/mdl_ablation_c6_decoder_mps_s3005_20260514_codex/c6_dec_mps_s3005_mdl_ablation.json
18738	-0.0005766891364942239	experiments/results/mdl_ablation_c6_decoder_mps_s3001_20260514_codex/c6_dec_mps_s3001_mdl_ablation.json
37902	-0.0005662446756886652	experiments/results/mdl_ablation_c6_decoder_mps_s3001_20260514_codex/c6_dec_mps_s3001_mdl_ablation.json
23045	-0.0004077943969988951	experiments/results/mdl_ablation_c6_decoder_mps_s3002_20260514_codex/c6_dec_mps_s3002_mdl_ablation.json
64027	-0.0003876402057159112	experiments/results/mdl_ablation_c6_decoder_mps_s3003_20260514_codex/c6_dec_mps_s3003_mdl_ablation.json
67201	-0.0003285829036272503	experiments/results/mdl_ablation_c6_decoder_mps_s3007_20260514_codex/c6_dec_mps_s3007_mdl_ablation.json
7379	-0.0003280083725201166	experiments/results/mdl_ablation_c6_decoder_mps_s3004_20260514_codex/c6_dec_mps_s3004_mdl_ablation.json
45400	-0.00032553301536353274	experiments/results/mdl_ablation_c6_decoder_mps_s3006_20260514_codex/c6_dec_mps_s3006_mdl_ablation.json
24475	-0.0003196503126190464	experiments/results/mdl_ablation_c6_decoder_mps_s3004_20260514_codex/c6_dec_mps_s3004_mdl_ablation.json
114934	-0.000309506068866483	experiments/results/mdl_ablation_c6_decoder_mps_s3002_20260514_codex/c6_dec_mps_s3002_mdl_ablation.json
136500	-0.0002890624355273985	experiments/results/mdl_ablation_c6_decoder_mps_s3006_20260514_codex/c6_dec_mps_s3006_mdl_ablation.json
89081	-0.0002880529920261665	experiments/results/mdl_ablation_c6_decoder_mps_s3007_20260514_codex/c6_dec_mps_s3007_mdl_ablation.json
14964	-0.00022606772451183588	experiments/results/mdl_ablation_c6_decoder_mps_s3002_20260514_codex/c6_dec_mps_s3002_mdl_ablation.json
135955	-0.0002235417847131771	experiments/results/mdl_ablation_c6_decoder_mps_s3006_20260514_codex/c6_dec_mps_s3006_mdl_ablation.json
32218	-0.000195682905932415	experiments/results/mdl_ablation_c6_decoder_mps_s3007_20260514_codex/c6_dec_mps_s3007_mdl_ablation.json
15588	-0.00017529495284662744	experiments/results/mdl_ablation_c6_decoder_mps_s3003_20260514_codex/c6_dec_mps_s3003_mdl_ablation.json
73861	-0.00017190529074184724	experiments/results/mdl_ablation_c6_decoder_mps_s3005_20260514_codex/c6_dec_mps_s3005_mdl_ablation.json
128891	-0.0001710742150677902	experiments/results/mdl_ablation_c6_decoder_mps_s3003_20260514_codex/c6_dec_mps_s3003_mdl_ablation.json
33727	-0.0001582759492890773	experiments/results/mdl_ablation_c6_decoder_mps_s3007_20260514_codex/c6_dec_mps_s3007_mdl_ablation.json
73964	-0.00014472839703216778	experiments/results/mdl_ablation_c6_decoder_mps_s3005_20260514_codex/c6_dec_mps_s3005_mdl_ablation.json
37325	-0.00013937422575338587	experiments/results/mdl_ablation_c6_decoder_mps_s3008_20260514_codex/c6_dec_mps_s3008_mdl_ablation.json
2964	-0.0001320257816601611	experiments/results/mdl_ablation_c6_decoder_mps_s3003_20260514_codex/c6_dec_mps_s3003_mdl_ablation.json
131859	-0.00010837530322049815	experiments/results/mdl_ablation_c6_decoder_mps_s3006_20260514_codex/c6_dec_mps_s3006_mdl_ablation.json
125951	-0.00010778361531293967	experiments/results/mdl_ablation_c6_decoder_mps_s3004_20260514_codex/c6_dec_mps_s3004_mdl_ablation.json
35966	-0.00009832694676248366	experiments/results/mdl_ablation_c6_decoder_mps_s3007_20260514_codex/c6_dec_mps_s3007_mdl_ablation.json
32030	-0.00009014025395970293	experiments/results/mdl_ablation_c6_decoder_mps_s3005_20260514_codex/c6_dec_mps_s3005_mdl_ablation.json
68136	-0.00007570922664257296	experiments/results/mdl_ablation_c6_decoder_mps_s3002_20260514_codex/c6_dec_mps_s3002_mdl_ablation.json
141553	-0.00007265758019769919	experiments/results/mdl_ablation_c6_decoder_mps_s3006_20260514_codex/c6_dec_mps_s3006_mdl_ablation.json
30364	-0.00006830864326445862	experiments/results/mdl_ablation_c6_decoder_mps_s3008_20260514_codex/c6_dec_mps_s3008_mdl_ablation.json
7807	-0.00006141460642794527	experiments/results/mdl_ablation_c6_decoder_mps_s3001_20260514_codex/c6_dec_mps_s3001_mdl_ablation.json
124553	-0.000055984083807913976	experiments/results/mdl_ablation_c6_decoder_mps_s3003_20260514_codex/c6_dec_mps_s3003_mdl_ablation.json
40484	-0.00005442362185448246	experiments/results/mdl_ablation_c6_decoder_mps_s3008_20260514_codex/c6_dec_mps_s3008_mdl_ablation.json
20675	-0.000043453290565764746	experiments/results/mdl_ablation_c6_decoder_mps_s3005_20260514_codex/c6_dec_mps_s3005_mdl_ablation.json
5057	-0.00003167864795727837	experiments/results/mdl_ablation_c6_decoder_mps_s3006_20260514_codex/c6_dec_mps_s3006_mdl_ablation.json
3407	-0.000026568130031989767	experiments/results/mdl_ablation_c6_decoder_mps_s3001_20260514_codex/c6_dec_mps_s3001_mdl_ablation.json
141747	-0.0000186609570889118	experiments/results/mdl_ablation_c6_decoder_mps_s3004_20260514_codex/c6_dec_mps_s3004_mdl_ablation.json
69336	-0.000018167419099768267	experiments/results/mdl_ablation_c6_decoder_mps_s3005_20260514_codex/c6_dec_mps_s3005_mdl_ablation.json
20074	0.000010949778570079616	experiments/results/mdl_ablation_c6_decoder_mps_s3008_20260514_codex/c6_dec_mps_s3008_mdl_ablation.json
31749	0.000017653197481592997	experiments/results/mdl_ablation_c6_decoder_mps_s3003_20260514_codex/c6_dec_mps_s3003_mdl_ablation.json
28553	0.00003076729707629511	experiments/results/mdl_ablation_c6_decoder_mps_s3002_20260514_codex/c6_dec_mps_s3002_mdl_ablation.json
48971	0.00004384983508032292	experiments/results/mdl_ablation_c6_decoder_mps_s3006_20260514_codex/c6_dec_mps_s3006_mdl_ablation.json
137611	0.000045417550751380986	experiments/results/mdl_ablation_c6_decoder_mps_s3004_20260514_codex/c6_dec_mps_s3004_mdl_ablation.json
43393	0.000046025466758692346	experiments/results/mdl_ablation_c6_decoder_mps_s3001_20260514_codex/c6_dec_mps_s3001_mdl_ablation.json
15485	0.00005783754740207314	experiments/results/mdl_ablation_c6_decoder_mps_s3008_20260514_codex/c6_dec_mps_s3008_mdl_ablation.json
8929	0.00006261825215858607	experiments/results/mdl_ablation_c6_decoder_mps_s3007_20260514_codex/c6_dec_mps_s3007_mdl_ablation.json
49927	0.000070963431184623	experiments/results/mdl_ablation_c6_decoder_mps_s3007_20260514_codex/c6_dec_mps_s3007_mdl_ablation.json
47180	0.0000713403479153385	experiments/results/mdl_ablation_c6_decoder_mps_s3005_20260514_codex/c6_dec_mps_s3005_mdl_ablation.json
139732	0.00007216797745002168	experiments/results/mdl_ablation_c6_decoder_mps_s3008_20260514_codex/c6_dec_mps_s3008_mdl_ablation.json
14929	0.00007357158494869509	experiments/results/mdl_ablation_c6_decoder_mps_s3001_20260514_codex/c6_dec_mps_s3001_mdl_ablation.json
49014	0.00008909743490193023	experiments/results/mdl_ablation_c6_decoder_mps_s3006_20260514_codex/c6_dec_mps_s3006_mdl_ablation.json
46996	0.00009283108965973952	experiments/results/mdl_ablation_c6_decoder_mps_s3008_20260514_codex/c6_dec_mps_s3008_mdl_ablation.json
27910	0.00011060871086954194	experiments/results/mdl_ablation_c6_decoder_mps_s3007_20260514_codex/c6_dec_mps_s3007_mdl_ablation.json
41635	0.00011408599070250602	experiments/results/mdl_ablation_c6_decoder_mps_s3004_20260514_codex/c6_dec_mps_s3004_mdl_ablation.json
48260	0.00012365377190803883	experiments/results/mdl_ablation_c6_decoder_mps_s3008_20260514_codex/c6_dec_mps_s3008_mdl_ablation.json
12036	0.00013524548123200475	experiments/results/mdl_ablation_c6_decoder_mps_s3007_20260514_codex/c6_dec_mps_s3007_mdl_ablation.json
21235	0.00015600463555642818	experiments/results/mdl_ablation_c6_decoder_mps_s3004_20260514_codex/c6_dec_mps_s3004_mdl_ablation.json
70159	0.00018141079896594192	experiments/results/mdl_ablation_c6_decoder_mps_s3008_20260514_codex/c6_dec_mps_s3008_mdl_ablation.json
43306	0.0001834879486963814	experiments/results/mdl_ablation_c6_decoder_mps_s3005_20260514_codex/c6_dec_mps_s3005_mdl_ablation.json
128855	0.00018602717604920826	experiments/results/mdl_ablation_c6_decoder_mps_s3008_20260514_codex/c6_dec_mps_s3008_mdl_ablation.json
50570	0.00019084641327538066	experiments/results/mdl_ablation_c6_decoder_mps_s3002_20260514_codex/c6_dec_mps_s3002_mdl_ablation.json
31217	0.00022869816708492863	experiments/results/mdl_ablation_c6_decoder_mps_s3008_20260514_codex/c6_dec_mps_s3008_mdl_ablation.json
100446	0.0002480838677527686	experiments/results/mdl_ablation_c6_decoder_mps_s3002_20260514_codex/c6_dec_mps_s3002_mdl_ablation.json
58391	0.0002559668792514458	experiments/results/mdl_ablation_c6_decoder_mps_s3002_20260514_codex/c6_dec_mps_s3002_mdl_ablation.json
139997	0.0002920565753470328	experiments/results/mdl_ablation_c6_decoder_mps_s3005_20260514_codex/c6_dec_mps_s3005_mdl_ablation.json
133939	0.0003301990809418953	experiments/results/mdl_ablation_c6_decoder_mps_s3004_20260514_codex/c6_dec_mps_s3004_mdl_ablation.json
35818	0.00033333792063672263	experiments/results/mdl_ablation_c6_decoder_mps_s3002_20260514_codex/c6_dec_mps_s3002_mdl_ablation.json
82375	0.00038018371099468595	experiments/results/mdl_ablation_c6_decoder_mps_s3006_20260514_codex/c6_dec_mps_s3006_mdl_ablation.json
32411	0.00038299489345661186	experiments/results/mdl_ablation_c6_decoder_mps_s3008_20260514_codex/c6_dec_mps_s3008_mdl_ablation.json
33735	0.0003898803660931094	experiments/results/mdl_ablation_c6_decoder_mps_s3001_20260514_codex/c6_dec_mps_s3001_mdl_ablation.json
132231	0.0003950487639912126	experiments/results/mdl_ablation_c6_decoder_mps_s3001_20260514_codex/c6_dec_mps_s3001_mdl_ablation.json
34832	0.00041980143275566206	experiments/results/mdl_ablation_c6_decoder_mps_s3005_20260514_codex/c6_dec_mps_s3005_mdl_ablation.json
144162	0.0004602116138627821	experiments/results/mdl_ablation_c6_decoder_mps_s3005_20260514_codex/c6_dec_mps_s3005_mdl_ablation.json
133572	0.0004626127789038037	experiments/results/mdl_ablation_c6_decoder_mps_s3003_20260514_codex/c6_dec_mps_s3003_mdl_ablation.json
120764	0.0004906696844031444	experiments/results/mdl_ablation_c6_decoder_mps_s3007_20260514_codex/c6_dec_mps_s3007_mdl_ablation.json
14957	0.0005218964753339606	experiments/results/mdl_ablation_c6_decoder_mps_s3004_20260514_codex/c6_dec_mps_s3004_mdl_ablation.json
140456	0.0005337113538956828	experiments/results/mdl_ablation_c6_decoder_mps_s3004_20260514_codex/c6_dec_mps_s3004_mdl_ablation.json
46231	0.0005463520197253047	experiments/results/mdl_ablation_c6_decoder_mps_s3001_20260514_codex/c6_dec_mps_s3001_mdl_ablation.json
88340	0.000556063253881689	experiments/results/mdl_ablation_c6_decoder_mps_s3003_20260514_codex/c6_dec_mps_s3003_mdl_ablation.json
14164	0.0006066928090859847	experiments/results/mdl_ablation_c6_decoder_mps_s3004_20260514_codex/c6_dec_mps_s3004_mdl_ablation.json
24189	0.0006463132663512283	experiments/results/mdl_ablation_c6_decoder_mps_s3003_20260514_codex/c6_dec_mps_s3003_mdl_ablation.json
131374	0.0006486896200570413	experiments/results/mdl_ablation_c6_decoder_mps_s3007_20260514_codex/c6_dec_mps_s3007_mdl_ablation.json
43056	0.0006923154470612758	experiments/results/mdl_ablation_c6_decoder_mps_s3003_20260514_codex/c6_dec_mps_s3003_mdl_ablation.json
59463	0.0007264444175092422	experiments/results/mdl_ablation_c6_decoder_mps_s3008_20260514_codex/c6_dec_mps_s3008_mdl_ablation.json
47275	0.0007739046776507053	experiments/results/mdl_ablation_c6_decoder_mps_s3004_20260514_codex/c6_dec_mps_s3004_mdl_ablation.json
76191	0.0008006534406135302	experiments/results/mdl_ablation_c6_decoder_mps_s3004_20260514_codex/c6_dec_mps_s3004_mdl_ablation.json
19659	0.0008779164911274506	experiments/results/mdl_ablation_c6_decoder_mps_s3005_20260514_codex/c6_dec_mps_s3005_mdl_ablation.json
80199	0.0008848574618411931	experiments/results/mdl_ablation_c6_decoder_mps_s3008_20260514_codex/c6_dec_mps_s3008_mdl_ablation.json
139209	0.0010321702795579313	experiments/results/mdl_ablation_c6_decoder_mps_s3007_20260514_codex/c6_dec_mps_s3007_mdl_ablation.json
90557	0.0010740767201156132	experiments/results/mdl_ablation_c6_decoder_mps_s3008_20260514_codex/c6_dec_mps_s3008_mdl_ablation.json
68860	0.0010844644997476394	experiments/results/mdl_ablation_c6_decoder_mps_s3001_20260514_codex/c6_dec_mps_s3001_mdl_ablation.json
33564	0.001102320400626411	experiments/results/mdl_ablation_c6_decoder_mps_s3003_20260514_codex/c6_dec_mps_s3003_mdl_ablation.json
32706	0.0011995034084790746	experiments/results/mdl_ablation_c6_decoder_mps_s3005_20260514_codex/c6_dec_mps_s3005_mdl_ablation.json
20119	0.0012012716254190536	experiments/results/mdl_ablation_c6_decoder_mps_s3007_20260514_codex/c6_dec_mps_s3007_mdl_ablation.json
24197	0.0012059327282401	experiments/results/mdl_ablation_c6_decoder_mps_s3003_20260514_codex/c6_dec_mps_s3003_mdl_ablation.json
85381	0.0012800802691614876	experiments/results/mdl_ablation_c6_decoder_mps_s3002_20260514_codex/c6_dec_mps_s3002_mdl_ablation.json
23754	0.0013364346230844149	experiments/results/mdl_ablation_c6_decoder_mps_s3008_20260514_codex/c6_dec_mps_s3008_mdl_ablation.json
58795	0.0013800957984955176	experiments/results/mdl_ablation_c6_decoder_mps_s3003_20260514_codex/c6_dec_mps_s3003_mdl_ablation.json
109182	0.0014002169270952436	experiments/results/mdl_ablation_c6_decoder_mps_s3005_20260514_codex/c6_dec_mps_s3005_mdl_ablation.json
85692	0.0014495452069738235	experiments/results/mdl_ablation_c6_decoder_mps_s3005_20260514_codex/c6_dec_mps_s3005_mdl_ablation.json
121213	0.0016228222580210172	experiments/results/mdl_ablation_c6_decoder_mps_s3008_20260514_codex/c6_dec_mps_s3008_mdl_ablation.json
70157	0.0016485126316965193	experiments/results/mdl_ablation_c6_decoder_mps_s3008_20260514_codex/c6_dec_mps_s3008_mdl_ablation.json
46559	0.0018106641746911123	experiments/results/mdl_ablation_c6_decoder_mps_s3005_20260514_codex/c6_dec_mps_s3005_mdl_ablation.json
135162	0.0018788292089340075	experiments/results/mdl_ablation_c6_decoder_mps_s3008_20260514_codex/c6_dec_mps_s3008_mdl_ablation.json
134458	0.0019956831534031494	experiments/results/mdl_ablation_c6_decoder_mps_s3006_20260514_codex/c6_dec_mps_s3006_mdl_ablation.json
9663	0.0020710767158576004	experiments/results/mdl_ablation_c6_decoder_mps_s3006_20260514_codex/c6_dec_mps_s3006_mdl_ablation.json
50190	0.0022792679014216333	experiments/results/mdl_ablation_c6_decoder_mps_s3003_20260514_codex/c6_dec_mps_s3003_mdl_ablation.json
62769	0.002294867793793287	experiments/results/mdl_ablation_c6_decoder_mps_s3004_20260514_codex/c6_dec_mps_s3004_mdl_ablation.json
19331	0.0024209759909723516	experiments/results/mdl_ablation_c6_decoder_mps_s3004_20260514_codex/c6_dec_mps_s3004_mdl_ablation.json
13125	0.0024293818857756833	experiments/results/mdl_ablation_c6_decoder_mps_s3003_20260514_codex/c6_dec_mps_s3003_mdl_ablation.json
16929	0.0024937329705565503	experiments/results/mdl_ablation_c6_decoder_mps_s3003_20260514_codex/c6_dec_mps_s3003_mdl_ablation.json
111521	0.002720367749894592	experiments/results/mdl_ablation_c6_decoder_mps_s3006_20260514_codex/c6_dec_mps_s3006_mdl_ablation.json
43990	0.002753504221850278	experiments/results/mdl_ablation_c6_decoder_mps_s3006_20260514_codex/c6_dec_mps_s3006_mdl_ablation.json
60046	0.0028998558634327765	experiments/results/mdl_ablation_c6_decoder_mps_s3002_20260514_codex/c6_dec_mps_s3002_mdl_ablation.json
130626	0.002939324668517429	experiments/results/mdl_ablation_c6_decoder_mps_s3001_20260514_codex/c6_dec_mps_s3001_mdl_ablation.json
88366	0.0030128729015288513	experiments/results/mdl_ablation_c6_decoder_mps_s3008_20260514_codex/c6_dec_mps_s3008_mdl_ablation.json
70526	0.003113964446050943	experiments/results/mdl_ablation_c6_decoder_mps_s3008_20260514_codex/c6_dec_mps_s3008_mdl_ablation.json
32355	0.003240935346738638	experiments/results/mdl_ablation_c6_decoder_mps_s3003_20260514_codex/c6_dec_mps_s3003_mdl_ablation.json
53683	0.003370137575394949	experiments/results/mdl_ablation_c6_decoder_mps_s3007_20260514_codex/c6_dec_mps_s3007_mdl_ablation.json
115041	0.0034079492145977497	experiments/results/mdl_ablation_c6_decoder_mps_s3001_20260514_codex/c6_dec_mps_s3001_mdl_ablation.json
11670	0.0036453672301064444	experiments/results/mdl_ablation_c6_decoder_mps_s3007_20260514_codex/c6_dec_mps_s3007_mdl_ablation.json
9320	0.0040731880986655256	experiments/results/mdl_ablation_c6_decoder_mps_s3004_20260514_codex/c6_dec_mps_s3004_mdl_ablation.json
45102	0.004579697949154138	experiments/results/mdl_ablation_c6_decoder_mps_s3005_20260514_codex/c6_dec_mps_s3005_mdl_ablation.json
44338	0.004781532349490192	experiments/results/mdl_ablation_c6_decoder_mps_s3001_20260514_codex/c6_dec_mps_s3001_mdl_ablation.json
39818	0.004801962152932049	experiments/results/mdl_ablation_c6_decoder_mps_s3008_20260514_codex/c6_dec_mps_s3008_mdl_ablation.json
11842	0.0049788962688737115	experiments/results/mdl_ablation_c6_decoder_mps_s3002_20260514_codex/c6_dec_mps_s3002_mdl_ablation.json
62991	0.005091709172610592	experiments/results/mdl_ablation_c6_decoder_mps_s3002_20260514_codex/c6_dec_mps_s3002_mdl_ablation.json
96868	0.0054575847967370805	experiments/results/mdl_ablation_c6_decoder_mps_s3007_20260514_codex/c6_dec_mps_s3007_mdl_ablation.json
103640	0.005743442469764659	experiments/results/mdl_ablation_c6_decoder_mps_s3001_20260514_codex/c6_dec_mps_s3001_mdl_ablation.json
63036	0.005968275599791184	experiments/results/mdl_ablation_c6_decoder_mps_s3007_20260514_codex/c6_dec_mps_s3007_mdl_ablation.json
53001	0.006329644705516557	experiments/results/mdl_ablation_c6_decoder_mps_s3008_20260514_codex/c6_dec_mps_s3008_mdl_ablation.json
57461	0.0066743206033876845	experiments/results/mdl_ablation_c6_decoder_mps_s3008_20260514_codex/c6_dec_mps_s3008_mdl_ablation.json
107824	0.007476259560213805	experiments/results/mdl_ablation_c6_decoder_mps_s3002_20260514_codex/c6_dec_mps_s3002_mdl_ablation.json
59463	0.008037012444923164	experiments/results/mdl_ablation_c6_decoder_mps_s3005_20260514_codex/c6_dec_mps_s3005_mdl_ablation.json
70424	0.008333974447126025	experiments/results/mdl_ablation_c6_decoder_mps_s3001_20260514_codex/c6_dec_mps_s3001_mdl_ablation.json
113313	0.008344218548991478	experiments/results/mdl_ablation_c6_decoder_mps_s3002_20260514_codex/c6_dec_mps_s3002_mdl_ablation.json
127874	0.009124927516069192	experiments/results/mdl_ablation_c6_decoder_mps_s3004_20260514_codex/c6_dec_mps_s3004_mdl_ablation.json
18626	0.009487593819038409	experiments/results/mdl_ablation_c6_decoder_mps_s3004_20260514_codex/c6_dec_mps_s3004_mdl_ablation.json
540	0.010005460033447378	experiments/results/mdl_ablation_c6_decoder_mps_s3007_20260514_codex/c6_dec_mps_s3007_mdl_ablation.json
78053	0.01024262100926876	experiments/results/mdl_ablation_c6_decoder_mps_s3005_20260514_codex/c6_dec_mps_s3005_mdl_ablation.json
45102	0.011862248134434594	experiments/results/mdl_ablation_c6_decoder_mps_s3006_20260514_codex/c6_dec_mps_s3006_mdl_ablation.json
64004	0.011915251923277026	experiments/results/mdl_ablation_c6_decoder_mps_s3001_20260514_codex/c6_dec_mps_s3001_mdl_ablation.json
80030	0.012513659120351406	experiments/results/mdl_ablation_c6_decoder_mps_s3003_20260514_codex/c6_dec_mps_s3003_mdl_ablation.json
92278	0.012618465698281511	experiments/results/mdl_ablation_c6_decoder_mps_s3004_20260514_codex/c6_dec_mps_s3004_mdl_ablation.json
116232	0.013776267677116039	experiments/results/mdl_ablation_c6_decoder_mps_s3008_20260514_codex/c6_dec_mps_s3008_mdl_ablation.json
32245	0.014245611789476698	experiments/results/mdl_ablation_c6_decoder_mps_s3006_20260514_codex/c6_dec_mps_s3006_mdl_ablation.json
48256	0.01486840520613697	experiments/results/mdl_ablation_c6_decoder_mps_s3006_20260514_codex/c6_dec_mps_s3006_mdl_ablation.json
116890	0.015389060410619493	experiments/results/mdl_ablation_c6_decoder_mps_s3006_20260514_codex/c6_dec_mps_s3006_mdl_ablation.json
99638	0.015455778580594881	experiments/results/mdl_ablation_c6_decoder_mps_s3002_20260514_codex/c6_dec_mps_s3002_mdl_ablation.json
110540	0.015506056642109911	experiments/results/mdl_ablation_c6_decoder_mps_s3001_20260514_codex/c6_dec_mps_s3001_mdl_ablation.json
75701	0.016119729074155487	experiments/results/mdl_ablation_c6_decoder_mps_s3005_20260514_codex/c6_dec_mps_s3005_mdl_ablation.json
29238	0.016676160348069402	experiments/results/mdl_ablation_c6_decoder_mps_s3007_20260514_codex/c6_dec_mps_s3007_mdl_ablation.json
126129	0.017327107284096144	experiments/results/mdl_ablation_c6_decoder_mps_s3004_20260514_codex/c6_dec_mps_s3004_mdl_ablation.json
98141	0.018828051102850907	experiments/results/mdl_ablation_c6_decoder_mps_s3001_20260514_codex/c6_dec_mps_s3001_mdl_ablation.json
85299	0.020093742603677356	experiments/results/mdl_ablation_c6_decoder_mps_s3007_20260514_codex/c6_dec_mps_s3007_mdl_ablation.json
56209	0.020600566883054228	experiments/results/mdl_ablation_c6_decoder_mps_s3004_20260514_codex/c6_dec_mps_s3004_mdl_ablation.json
88810	0.02204522605074999	experiments/results/mdl_ablation_c6_decoder_mps_s3004_20260514_codex/c6_dec_mps_s3004_mdl_ablation.json
127790	0.02256217577996722	experiments/results/mdl_ablation_c6_decoder_mps_s3005_20260514_codex/c6_dec_mps_s3005_mdl_ablation.json
113097	0.02260674017385611	experiments/results/mdl_ablation_c6_decoder_mps_s3001_20260514_codex/c6_dec_mps_s3001_mdl_ablation.json
45467	0.02392888727332121	experiments/results/mdl_ablation_c6_decoder_mps_s3006_20260514_codex/c6_dec_mps_s3006_mdl_ablation.json
12348	0.025140765155086342	experiments/results/mdl_ablation_c6_decoder_mps_s3002_20260514_codex/c6_dec_mps_s3002_mdl_ablation.json
68575	0.026043085372883468	experiments/results/mdl_ablation_c6_decoder_mps_s3005_20260514_codex/c6_dec_mps_s3005_mdl_ablation.json
39927	0.026054724613047142	experiments/results/mdl_ablation_c6_decoder_mps_s3002_20260514_codex/c6_dec_mps_s3002_mdl_ablation.json
138744	0.026587989726124306	experiments/results/mdl_ablation_c6_decoder_mps_s3001_20260514_codex/c6_dec_mps_s3001_mdl_ablation.json
96177	0.027158291368834853	experiments/results/mdl_ablation_c6_decoder_mps_s3002_20260514_codex/c6_dec_mps_s3002_mdl_ablation.json
118894	0.028306355277621265	experiments/results/mdl_ablation_c6_decoder_mps_s3005_20260514_codex/c6_dec_mps_s3005_mdl_ablation.json
115879	0.028351349618041866	experiments/results/mdl_ablation_c6_decoder_mps_s3008_20260514_codex/c6_dec_mps_s3008_mdl_ablation.json
22338	0.028493047591894083	experiments/results/mdl_ablation_c6_decoder_mps_s3006_20260514_codex/c6_dec_mps_s3006_mdl_ablation.json
77258	0.028605225761552333	experiments/results/mdl_ablation_c6_decoder_mps_s3001_20260514_codex/c6_dec_mps_s3001_mdl_ablation.json
77374	0.028668080486120573	experiments/results/mdl_ablation_c6_decoder_mps_s3007_20260514_codex/c6_dec_mps_s3007_mdl_ablation.json
13563	0.029058154126381908	experiments/results/mdl_ablation_c6_decoder_mps_s3002_20260514_codex/c6_dec_mps_s3002_mdl_ablation.json
4635	0.029812493822888086	experiments/results/mdl_ablation_c6_decoder_mps_s3008_20260514_codex/c6_dec_mps_s3008_mdl_ablation.json
117543	0.036782668030930665	experiments/results/mdl_ablation_c6_decoder_mps_s3006_20260514_codex/c6_dec_mps_s3006_mdl_ablation.json
79963	0.037544925320609934	experiments/results/mdl_ablation_c6_decoder_mps_s3005_20260514_codex/c6_dec_mps_s3005_mdl_ablation.json
79385	0.037734872518456086	experiments/results/mdl_ablation_c6_decoder_mps_s3002_20260514_codex/c6_dec_mps_s3002_mdl_ablation.json
13661	0.03937990712438477	experiments/results/mdl_ablation_c6_decoder_mps_s3001_20260514_codex/c6_dec_mps_s3001_mdl_ablation.json
121860	0.04466372600450086	experiments/results/mdl_ablation_c6_decoder_mps_s3007_20260514_codex/c6_dec_mps_s3007_mdl_ablation.json
59510	0.044731463195581966	experiments/results/mdl_ablation_c6_decoder_mps_s3006_20260514_codex/c6_dec_mps_s3006_mdl_ablation.json
101456	0.04569253187293043	experiments/results/mdl_ablation_c6_decoder_mps_s3003_20260514_codex/c6_dec_mps_s3003_mdl_ablation.json
117639	0.046582998994935565	experiments/results/mdl_ablation_c6_decoder_mps_s3002_20260514_codex/c6_dec_mps_s3002_mdl_ablation.json
59691	0.04752487277227857	experiments/results/mdl_ablation_c6_decoder_mps_s3005_20260514_codex/c6_dec_mps_s3005_mdl_ablation.json
97759	0.05287676409975006	experiments/results/mdl_ablation_c6_decoder_mps_s3004_20260514_codex/c6_dec_mps_s3004_mdl_ablation.json
116538	0.053291689693175215	experiments/results/mdl_ablation_c6_decoder_mps_s3005_20260514_codex/c6_dec_mps_s3005_mdl_ablation.json
66499	0.053447542218890476	experiments/results/mdl_ablation_c6_decoder_mps_s3006_20260514_codex/c6_dec_mps_s3006_mdl_ablation.json
112775	0.055933016560182125	experiments/results/mdl_ablation_c6_decoder_mps_s3008_20260514_codex/c6_dec_mps_s3008_mdl_ablation.json
112726	0.056020937680457905	experiments/results/mdl_ablation_c6_decoder_mps_s3006_20260514_codex/c6_dec_mps_s3006_mdl_ablation.json
60840	0.05663317739057305	experiments/results/mdl_ablation_c6_decoder_mps_s3005_20260514_codex/c6_dec_mps_s3005_mdl_ablation.json
23426	0.05747922817063511	experiments/results/mdl_ablation_c6_decoder_mps_s3008_20260514_codex/c6_dec_mps_s3008_mdl_ablation.json
133925	0.05772917257090171	experiments/results/mdl_ablation_c6_decoder_mps_s3006_20260514_codex/c6_dec_mps_s3006_mdl_ablation.json
78416	0.057956152833668284	experiments/results/mdl_ablation_c6_decoder_mps_s3003_20260514_codex/c6_dec_mps_s3003_mdl_ablation.json
17578	0.059472030694429634	experiments/results/mdl_ablation_c6_decoder_mps_s3004_20260514_codex/c6_dec_mps_s3004_mdl_ablation.json
132807	0.06100549268164457	experiments/results/mdl_ablation_c6_decoder_mps_s3007_20260514_codex/c6_dec_mps_s3007_mdl_ablation.json
122561	0.0611589092716045	experiments/results/mdl_ablation_c6_decoder_mps_s3003_20260514_codex/c6_dec_mps_s3003_mdl_ablation.json
115113	0.06397822100207406	experiments/results/mdl_ablation_c6_decoder_mps_s3002_20260514_codex/c6_dec_mps_s3002_mdl_ablation.json
115755	0.06443801613047384	experiments/results/mdl_ablation_c6_decoder_mps_s3003_20260514_codex/c6_dec_mps_s3003_mdl_ablation.json
94828	0.0657302861567004	experiments/results/mdl_ablation_c6_decoder_mps_s3007_20260514_codex/c6_dec_mps_s3007_mdl_ablation.json
112087	0.06682349416011135	experiments/results/mdl_ablation_c6_decoder_mps_s3006_20260514_codex/c6_dec_mps_s3006_mdl_ablation.json
99966	0.06796508555594016	experiments/results/mdl_ablation_c6_decoder_mps_s3008_20260514_codex/c6_dec_mps_s3008_mdl_ablation.json
3150	0.06825091618517831	experiments/results/mdl_ablation_c6_decoder_mps_s3003_20260514_codex/c6_dec_mps_s3003_mdl_ablation.json
78552	0.07125108329637442	experiments/results/mdl_ablation_c6_decoder_mps_s3008_20260514_codex/c6_dec_mps_s3008_mdl_ablation.json
39130	0.07331937951860823	experiments/results/mdl_ablation_c6_decoder_mps_s3007_20260514_codex/c6_dec_mps_s3007_mdl_ablation.json
64342	0.07525871099685588	experiments/results/mdl_ablation_c6_decoder_mps_s3002_20260514_codex/c6_dec_mps_s3002_mdl_ablation.json
98373	0.07771647983031471	experiments/results/mdl_ablation_c6_decoder_mps_s3007_20260514_codex/c6_dec_mps_s3007_mdl_ablation.json
109970	0.07811234769785358	experiments/results/mdl_ablation_c6_decoder_mps_s3007_20260514_codex/c6_dec_mps_s3007_mdl_ablation.json
85991	0.08023188866673081	experiments/results/mdl_ablation_c6_decoder_mps_s3007_20260514_codex/c6_dec_mps_s3007_mdl_ablation.json
69576	0.08044696564333265	experiments/results/mdl_ablation_c6_decoder_mps_s3001_20260514_codex/c6_dec_mps_s3001_mdl_ablation.json
73399	0.08295303447568614	experiments/results/mdl_ablation_c6_decoder_mps_s3004_20260514_codex/c6_dec_mps_s3004_mdl_ablation.json
13239	0.08516431868369523	experiments/results/mdl_ablation_c6_decoder_mps_s3004_20260514_codex/c6_dec_mps_s3004_mdl_ablation.json
3188	0.08681208723948686	experiments/results/mdl_ablation_c6_decoder_mps_s3004_20260514_codex/c6_dec_mps_s3004_mdl_ablation.json
68492	0.08755249868193005	experiments/results/mdl_ablation_c6_decoder_mps_s3001_20260514_codex/c6_dec_mps_s3001_mdl_ablation.json
78467	0.0887261303069451	experiments/results/mdl_ablation_c6_decoder_mps_s3007_20260514_codex/c6_dec_mps_s3007_mdl_ablation.json
70814	0.08901549569291234	experiments/results/mdl_ablation_c6_decoder_mps_s3004_20260514_codex/c6_dec_mps_s3004_mdl_ablation.json
35511	0.08925427541478115	experiments/results/mdl_ablation_c6_decoder_mps_s3001_20260514_codex/c6_dec_mps_s3001_mdl_ablation.json
68500	0.09091781906020913	experiments/results/mdl_ablation_c6_decoder_mps_s3008_20260514_codex/c6_dec_mps_s3008_mdl_ablation.json
100405	0.09480348422459173	experiments/results/mdl_ablation_c6_decoder_mps_s3008_20260514_codex/c6_dec_mps_s3008_mdl_ablation.json
23823	0.09643860038621455	experiments/results/mdl_ablation_c6_decoder_mps_s3002_20260514_codex/c6_dec_mps_s3002_mdl_ablation.json
60006	0.09845650930343908	experiments/results/mdl_ablation_c6_decoder_mps_s3002_20260514_codex/c6_dec_mps_s3002_mdl_ablation.json
126605	0.0995317499390822	experiments/results/mdl_ablation_c6_decoder_mps_s3004_20260514_codex/c6_dec_mps_s3004_mdl_ablation.json
33939	0.09960013610943719	experiments/results/mdl_ablation_c6_decoder_mps_s3006_20260514_codex/c6_dec_mps_s3006_mdl_ablation.json
28476	0.10246248049983109	experiments/results/mdl_ablation_c6_decoder_mps_s3007_20260514_codex/c6_dec_mps_s3007_mdl_ablation.json
224	0.10656009806770328	experiments/results/mdl_ablation_c6_decoder_mps_s3002_20260514_codex/c6_dec_mps_s3002_mdl_ablation.json
69383	0.10782398085997613	experiments/results/mdl_ablation_c6_decoder_mps_s3004_20260514_codex/c6_dec_mps_s3004_mdl_ablation.json
90332	0.10795116392115034	experiments/results/mdl_ablation_c6_decoder_mps_s3001_20260514_codex/c6_dec_mps_s3001_mdl_ablation.json
50693	0.11109847579142951	experiments/results/mdl_ablation_c6_decoder_mps_s3005_20260514_codex/c6_dec_mps_s3005_mdl_ablation.json
103416	0.11196365941383135	experiments/results/mdl_ablation_c6_decoder_mps_s3004_20260514_codex/c6_dec_mps_s3004_mdl_ablation.json
118997	0.1137590143744518	experiments/results/mdl_ablation_c6_decoder_mps_s3005_20260514_codex/c6_dec_mps_s3005_mdl_ablation.json
51145	0.11465437063514372	experiments/results/mdl_ablation_c6_decoder_mps_s3001_20260514_codex/c6_dec_mps_s3001_mdl_ablation.json
107639	0.11567642342326678	experiments/results/mdl_ablation_c6_decoder_mps_s3004_20260514_codex/c6_dec_mps_s3004_mdl_ablation.json
79903	0.11677056061434854	experiments/results/mdl_ablation_c6_decoder_mps_s3004_20260514_codex/c6_dec_mps_s3004_mdl_ablation.json
11207	0.11852815504312275	experiments/results/mdl_ablation_c6_decoder_mps_s3002_20260514_codex/c6_dec_mps_s3002_mdl_ablation.json
19841	0.1234290333288186	experiments/results/mdl_ablation_c6_decoder_mps_s3004_20260514_codex/c6_dec_mps_s3004_mdl_ablation.json
120203	0.12365230060645871	experiments/results/mdl_ablation_c6_decoder_mps_s3008_20260514_codex/c6_dec_mps_s3008_mdl_ablation.json
84549	0.12392725307040564	experiments/results/mdl_ablation_c6_decoder_mps_s3008_20260514_codex/c6_dec_mps_s3008_mdl_ablation.json
112854	0.12478935800539404	experiments/results/mdl_ablation_c6_decoder_mps_s3007_20260514_codex/c6_dec_mps_s3007_mdl_ablation.json
120729	0.12526127942077636	experiments/results/mdl_ablation_c6_decoder_mps_s3007_20260514_codex/c6_dec_mps_s3007_mdl_ablation.json
69296	0.1252807746267095	experiments/results/mdl_ablation_c6_decoder_mps_s3006_20260514_codex/c6_dec_mps_s3006_mdl_ablation.json
116060	0.13066492671300267	experiments/results/mdl_ablation_c6_decoder_mps_s3002_20260514_codex/c6_dec_mps_s3002_mdl_ablation.json
58763	0.13110765139218472	experiments/results/mdl_ablation_c6_decoder_mps_s3004_20260514_codex/c6_dec_mps_s3004_mdl_ablation.json
114881	0.1407355634548182	experiments/results/mdl_ablation_c6_decoder_mps_s3002_20260514_codex/c6_dec_mps_s3002_mdl_ablation.json
12353	0.1444837041674205	experiments/results/mdl_ablation_c6_decoder_mps_s3006_20260514_codex/c6_dec_mps_s3006_mdl_ablation.json
42241	0.14581414012103266	experiments/results/mdl_ablation_c6_decoder_mps_s3002_20260514_codex/c6_dec_mps_s3002_mdl_ablation.json
4301	0.14734706707350398	experiments/results/mdl_ablation_c6_decoder_mps_s3008_20260514_codex/c6_dec_mps_s3008_mdl_ablation.json
60463	0.14841343591713496	experiments/results/mdl_ablation_c6_decoder_mps_s3008_20260514_codex/c6_dec_mps_s3008_mdl_ablation.json
63099	0.14886886208689987	experiments/results/mdl_ablation_c6_decoder_mps_s3002_20260514_codex/c6_dec_mps_s3002_mdl_ablation.json
67171	0.15180378102276393	experiments/results/mdl_ablation_c6_decoder_mps_s3004_20260514_codex/c6_dec_mps_s3004_mdl_ablation.json
86795	0.1639389912955167	experiments/results/mdl_ablation_c6_decoder_mps_s3002_20260514_codex/c6_dec_mps_s3002_mdl_ablation.json
123397	0.1645332940383355	experiments/results/mdl_ablation_c6_decoder_mps_s3002_20260514_codex/c6_dec_mps_s3002_mdl_ablation.json
65949	0.1782241400986706	experiments/results/mdl_ablation_c6_decoder_mps_s3001_20260514_codex/c6_dec_mps_s3001_mdl_ablation.json
100827	0.1788456773878977	experiments/results/mdl_ablation_c6_decoder_mps_s3002_20260514_codex/c6_dec_mps_s3002_mdl_ablation.json
97319	0.18187595788980104	experiments/results/mdl_ablation_c6_decoder_mps_s3001_20260514_codex/c6_dec_mps_s3001_mdl_ablation.json
99511	0.187845420785699	experiments/results/mdl_ablation_c6_decoder_mps_s3008_20260514_codex/c6_dec_mps_s3008_mdl_ablation.json
126575	0.1883199748754052	experiments/results/mdl_ablation_c6_decoder_mps_s3003_20260514_codex/c6_dec_mps_s3003_mdl_ablation.json
43556	0.203181001556473	experiments/results/mdl_ablation_c6_decoder_mps_s3001_20260514_codex/c6_dec_mps_s3001_mdl_ablation.json
122214	0.20463364862877853	experiments/results/mdl_ablation_c6_decoder_mps_s3004_20260514_codex/c6_dec_mps_s3004_mdl_ablation.json
42748	0.20894506206096253	experiments/results/mdl_ablation_c6_decoder_mps_s3007_20260514_codex/c6_dec_mps_s3007_mdl_ablation.json
118038	0.20953413420262024	experiments/results/mdl_ablation_c6_decoder_mps_s3003_20260514_codex/c6_dec_mps_s3003_mdl_ablation.json
80701	0.21379687713944406	experiments/results/mdl_ablation_c6_decoder_mps_s3002_20260514_codex/c6_dec_mps_s3002_mdl_ablation.json
122304	0.22125906055933342	experiments/results/mdl_ablation_c6_decoder_mps_s3003_20260514_codex/c6_dec_mps_s3003_mdl_ablation.json
106633	0.22216816951551266	experiments/results/mdl_ablation_c6_decoder_mps_s3007_20260514_codex/c6_dec_mps_s3007_mdl_ablation.json
58473	0.22569037948697002	experiments/results/mdl_ablation_c6_decoder_mps_s3006_20260514_codex/c6_dec_mps_s3006_mdl_ablation.json
70335	0.22625478437316104	experiments/results/mdl_ablation_c6_decoder_mps_s3001_20260514_codex/c6_dec_mps_s3001_mdl_ablation.json
118121	0.23105077896988746	experiments/results/mdl_ablation_c6_decoder_mps_s3002_20260514_codex/c6_dec_mps_s3002_mdl_ablation.json
90248	0.23515056104464094	experiments/results/mdl_ablation_c6_decoder_mps_s3005_20260514_codex/c6_dec_mps_s3005_mdl_ablation.json
84752	0.2376053995548375	experiments/results/mdl_ablation_c6_decoder_mps_s3002_20260514_codex/c6_dec_mps_s3002_mdl_ablation.json
61381	0.2418401672311461	experiments/results/mdl_ablation_c6_decoder_mps_s3006_20260514_codex/c6_dec_mps_s3006_mdl_ablation.json
97333	0.2434181672882616	experiments/results/mdl_ablation_c6_decoder_mps_s3001_20260514_codex/c6_dec_mps_s3001_mdl_ablation.json
33669	0.24369734141192367	experiments/results/mdl_ablation_c6_decoder_mps_s3008_20260514_codex/c6_dec_mps_s3008_mdl_ablation.json
121607	0.2439879238921705	experiments/results/mdl_ablation_c6_decoder_mps_s3007_20260514_codex/c6_dec_mps_s3007_mdl_ablation.json
10703	0.24533218948221247	experiments/results/mdl_ablation_c6_decoder_mps_s3001_20260514_codex/c6_dec_mps_s3001_mdl_ablation.json
9620	0.2521270347073994	experiments/results/mdl_ablation_c6_decoder_mps_s3002_20260514_codex/c6_dec_mps_s3002_mdl_ablation.json
57585	0.2560765611978084	experiments/results/mdl_ablation_c6_decoder_mps_s3008_20260514_codex/c6_dec_mps_s3008_mdl_ablation.json
15034	0.25689180086315844	experiments/results/mdl_ablation_c6_decoder_mps_s3002_20260514_codex/c6_dec_mps_s3002_mdl_ablation.json
67623	0.2584689165627623	experiments/results/mdl_ablation_c6_decoder_mps_s3007_20260514_codex/c6_dec_mps_s3007_mdl_ablation.json
124876	0.2596464184444329	experiments/results/mdl_ablation_c6_decoder_mps_s3004_20260514_codex/c6_dec_mps_s3004_mdl_ablation.json
105925	0.2601783976315062	experiments/results/mdl_ablation_c6_decoder_mps_s3001_20260514_codex/c6_dec_mps_s3001_mdl_ablation.json
106677	0.26670459221189446	experiments/results/mdl_ablation_c6_decoder_mps_s3005_20260514_codex/c6_dec_mps_s3005_mdl_ablation.json
85515	0.2692747206821835	experiments/results/mdl_ablation_c6_decoder_mps_s3003_20260514_codex/c6_dec_mps_s3003_mdl_ablation.json
20192	0.27069550872499804	experiments/results/mdl_ablation_c6_decoder_mps_s3006_20260514_codex/c6_dec_mps_s3006_mdl_ablation.json
102657	0.27117139803765866	experiments/results/mdl_ablation_c6_decoder_mps_s3003_20260514_codex/c6_dec_mps_s3003_mdl_ablation.json
4062	0.27674884997588123	experiments/results/mdl_ablation_c6_decoder_mps_s3008_20260514_codex/c6_dec_mps_s3008_mdl_ablation.json
95428	0.27826530128889004	experiments/results/mdl_ablation_c6_decoder_mps_s3002_20260514_codex/c6_dec_mps_s3002_mdl_ablation.json
118430	0.27893509756862045	experiments/results/mdl_ablation_c6_decoder_mps_s3005_20260514_codex/c6_dec_mps_s3005_mdl_ablation.json
17947	0.28001821170764885	experiments/results/mdl_ablation_c6_decoder_mps_s3008_20260514_codex/c6_dec_mps_s3008_mdl_ablation.json
114818	0.28336540812765065	experiments/results/mdl_ablation_c6_decoder_mps_s3008_20260514_codex/c6_dec_mps_s3008_mdl_ablation.json
68430	0.28387422786295247	experiments/results/mdl_ablation_c6_decoder_mps_s3006_20260514_codex/c6_dec_mps_s3006_mdl_ablation.json
118438	0.2863774700573529	experiments/results/mdl_ablation_c6_decoder_mps_s3002_20260514_codex/c6_dec_mps_s3002_mdl_ablation.json
114919	0.29382052042183204	experiments/results/mdl_ablation_c6_decoder_mps_s3001_20260514_codex/c6_dec_mps_s3001_mdl_ablation.json
9556	0.29529856049440895	experiments/results/mdl_ablation_c6_decoder_mps_s3004_20260514_codex/c6_dec_mps_s3004_mdl_ablation.json
100982	0.30375651057916286	experiments/results/mdl_ablation_c6_decoder_mps_s3004_20260514_codex/c6_dec_mps_s3004_mdl_ablation.json
54799	0.3067153024707565	experiments/results/mdl_ablation_c6_decoder_mps_s3007_20260514_codex/c6_dec_mps_s3007_mdl_ablation.json
126419	0.30869755136112786	experiments/results/mdl_ablation_c6_decoder_mps_s3005_20260514_codex/c6_dec_mps_s3005_mdl_ablation.json
106044	0.3170772376521711	experiments/results/mdl_ablation_c6_decoder_mps_s3001_20260514_codex/c6_dec_mps_s3001_mdl_ablation.json
82446	0.3214985722838364	experiments/results/mdl_ablation_c6_decoder_mps_s3001_20260514_codex/c6_dec_mps_s3001_mdl_ablation.json
36586	0.3282763155438033	experiments/results/mdl_ablation_c6_decoder_mps_s3008_20260514_codex/c6_dec_mps_s3008_mdl_ablation.json
97415	0.33121200009653506	experiments/results/mdl_ablation_c6_decoder_mps_s3002_20260514_codex/c6_dec_mps_s3002_mdl_ablation.json
97502	0.3375169650140677	experiments/results/mdl_ablation_c6_decoder_mps_s3004_20260514_codex/c6_dec_mps_s3004_mdl_ablation.json
57427	0.3376013032295333	experiments/results/mdl_ablation_c6_decoder_mps_s3004_20260514_codex/c6_dec_mps_s3004_mdl_ablation.json
134537	0.34032616681857775	experiments/results/mdl_ablation_c6_decoder_mps_s3007_20260514_codex/c6_dec_mps_s3007_mdl_ablation.json
120568	0.34084358186851915	experiments/results/mdl_ablation_c6_decoder_mps_s3005_20260514_codex/c6_dec_mps_s3005_mdl_ablation.json
135074	0.34428358199491527	experiments/results/mdl_ablation_c6_decoder_mps_s3002_20260514_codex/c6_dec_mps_s3002_mdl_ablation.json
74118	0.3485730563910252	experiments/results/mdl_ablation_c6_decoder_mps_s3004_20260514_codex/c6_dec_mps_s3004_mdl_ablation.json
129953	0.3493248288927262	experiments/results/mdl_ablation_c6_decoder_mps_s3007_20260514_codex/c6_dec_mps_s3007_mdl_ablation.json
49232	0.36049438822965385	experiments/results/mdl_ablation_c6_decoder_mps_s3007_20260514_codex/c6_dec_mps_s3007_mdl_ablation.json
132435	0.3665948880158325	experiments/results/mdl_ablation_c6_decoder_mps_s3001_20260514_codex/c6_dec_mps_s3001_mdl_ablation.json
105927	0.39766431502346933	experiments/results/mdl_ablation_c6_decoder_mps_s3008_20260514_codex/c6_dec_mps_s3008_mdl_ablation.json
104493	0.4023799894874145	experiments/results/mdl_ablation_c6_decoder_mps_s3007_20260514_codex/c6_dec_mps_s3007_mdl_ablation.json
51443	0.4087490637498803	experiments/results/mdl_ablation_c6_decoder_mps_s3001_20260514_codex/c6_dec_mps_s3001_mdl_ablation.json
23633	0.43216866899578577	experiments/results/mdl_ablation_c6_decoder_mps_s3001_20260514_codex/c6_dec_mps_s3001_mdl_ablation.json
142463	0.45171480928512153	experiments/results/mdl_ablation_c6_decoder_mps_s3007_20260514_codex/c6_dec_mps_s3007_mdl_ablation.json
60201	0.46336230405826484	experiments/results/mdl_ablation_c6_decoder_mps_s3007_20260514_codex/c6_dec_mps_s3007_mdl_ablation.json
11801	0.47677728230384275	experiments/results/mdl_ablation_c6_decoder_mps_s3003_20260514_codex/c6_dec_mps_s3003_mdl_ablation.json
83518	0.48225613057683603	experiments/results/mdl_ablation_c6_decoder_mps_s3008_20260514_codex/c6_dec_mps_s3008_mdl_ablation.json
63434	0.49117472206409474	experiments/results/mdl_ablation_c6_decoder_mps_s3006_20260514_codex/c6_dec_mps_s3006_mdl_ablation.json
9019	0.49138694503839275	experiments/results/mdl_ablation_c6_decoder_mps_s3005_20260514_codex/c6_dec_mps_s3005_mdl_ablation.json
103024	0.5032708098836309	experiments/results/mdl_ablation_c6_decoder_mps_s3004_20260514_codex/c6_dec_mps_s3004_mdl_ablation.json
67723	0.5047491444024956	experiments/results/mdl_ablation_c6_decoder_mps_s3006_20260514_codex/c6_dec_mps_s3006_mdl_ablation.json
127743	0.5586534378749022	experiments/results/mdl_ablation_c6_decoder_mps_s3001_20260514_codex/c6_dec_mps_s3001_mdl_ablation.json
44136	0.5612936198556042	experiments/results/mdl_ablation_c6_decoder_mps_s3008_20260514_codex/c6_dec_mps_s3008_mdl_ablation.json
60250	0.5624904369794237	experiments/results/mdl_ablation_c6_decoder_mps_s3001_20260514_codex/c6_dec_mps_s3001_mdl_ablation.json
137157	0.5678874744635465	experiments/results/mdl_ablation_c6_decoder_mps_s3002_20260514_codex/c6_dec_mps_s3002_mdl_ablation.json
37564	0.6263685888029755	experiments/results/mdl_ablation_c6_decoder_mps_s3004_20260514_codex/c6_dec_mps_s3004_mdl_ablation.json
117304	0.6875076782492187	experiments/results/mdl_ablation_c6_decoder_mps_s3008_20260514_codex/c6_dec_mps_s3008_mdl_ablation.json
130853	0.6993769675285719	experiments/results/mdl_ablation_c6_decoder_mps_s3005_20260514_codex/c6_dec_mps_s3005_mdl_ablation.json
32078	0.9047792493954034	experiments/results/mdl_ablation_c6_decoder_mps_s3004_20260514_codex/c6_dec_mps_s3004_mdl_ablation.json
136166	1.0365642975103526	experiments/results/mdl_ablation_c6_decoder_mps_s3008_20260514_codex/c6_dec_mps_s3008_mdl_ablation.json
31423	1.1163506769450464	experiments/results/mdl_ablation_c6_decoder_mps_s3004_20260514_codex/c6_dec_mps_s3004_mdl_ablation.json
124827	1.1904010957763944	experiments/results/mdl_ablation_c6_decoder_mps_s3001_20260514_codex/c6_dec_mps_s3001_mdl_ablation.json
20621	1.4357239076089314	experiments/results/mdl_ablation_c6_decoder_mps_s3004_20260514_codex/c6_dec_mps_s3004_mdl_ablation.json
137650	1.6262738007591295	experiments/results/mdl_ablation_c6_decoder_mps_s3006_20260514_codex/c6_dec_mps_s3006_mdl_ablation.json
138826	1.7102852446188734	experiments/results/mdl_ablation_c6_decoder_mps_s3006_20260514_codex/c6_dec_mps_s3006_mdl_ablation.json
127497	1.891188172916614	experiments/results/mdl_ablation_c6_decoder_mps_s3002_20260514_codex/c6_dec_mps_s3002_mdl_ablation.json
127721	2.649487935201954	experiments/results/mdl_ablation_c6_decoder_mps_s3008_20260514_codex/c6_dec_mps_s3008_mdl_ablation.json
131293	2.844350460338397	experiments/results/mdl_ablation_c6_decoder_mps_s3003_20260514_codex/c6_dec_mps_s3003_mdl_ablation.json
131699	2.8489357118703538	experiments/results/mdl_ablation_c6_decoder_mps_s3007_20260514_codex/c6_dec_mps_s3007_mdl_ablation.json
142143	2.9650237918110633	experiments/results/mdl_ablation_c6_decoder_mps_s3001_20260514_codex/c6_dec_mps_s3001_mdl_ablation.json
140554	3.0190369669078123	experiments/results/mdl_ablation_c6_decoder_mps_s3006_20260514_codex/c6_dec_mps_s3006_mdl_ablation.json
138379	3.1853334437367025	experiments/results/mdl_ablation_c6_decoder_mps_s3004_20260514_codex/c6_dec_mps_s3004_mdl_ablation.json
137429	3.535248936610273	experiments/results/mdl_ablation_c6_decoder_mps_s3002_20260514_codex/c6_dec_mps_s3002_mdl_ablation.json
136376	3.5934259376559936	experiments/results/mdl_ablation_c6_decoder_mps_s3004_20260514_codex/c6_dec_mps_s3004_mdl_ablation.json
132754	3.839662134789279	experiments/results/mdl_ablation_c6_decoder_mps_s3003_20260514_codex/c6_dec_mps_s3003_mdl_ablation.json
140538	4.211855028424331	experiments/results/mdl_ablation_c6_decoder_mps_s3007_20260514_codex/c6_dec_mps_s3007_mdl_ablation.json
143387	4.3196403289706495	experiments/results/mdl_ablation_c6_decoder_mps_s3004_20260514_codex/c6_dec_mps_s3004_mdl_ablation.json
128158	4.4433079181573305	experiments/results/mdl_ablation_c6_decoder_mps_s3002_20260514_codex/c6_dec_mps_s3002_mdl_ablation.json
143861	4.780564995888206	experiments/results/mdl_ablation_c6_decoder_mps_s3001_20260514_codex/c6_dec_mps_s3001_mdl_ablation.json
132099	4.835727869127993	experiments/results/mdl_ablation_c6_decoder_mps_s3002_20260514_codex/c6_dec_mps_s3002_mdl_ablation.json
128204	8.233801604406544	experiments/results/mdl_ablation_c6_decoder_mps_s3006_20260514_codex/c6_dec_mps_s3006_mdl_ablation.json
135874	34.84696853889075	experiments/results/mdl_ablation_c6_decoder_mps_s3007_20260514_codex/c6_dec_mps_s3007_mdl_ablation.json
137463	35.23376669142911	experiments/results/mdl_ablation_c6_decoder_mps_s3002_20260514_codex/c6_dec_mps_s3002_mdl_ablation.json
115220	36.02116225056531	experiments/results/mdl_ablation_c6_decoder_mps_s3003_20260514_codex/c6_dec_mps_s3003_mdl_ablation.json
29312	36.02116225056531	experiments/results/mdl_ablation_c6_decoder_mps_s3003_20260514_codex/c6_dec_mps_s3003_mdl_ablation.json
37685	36.02116225056531	experiments/results/mdl_ablation_c6_decoder_mps_s3003_20260514_codex/c6_dec_mps_s3003_mdl_ablation.json
119290	36.05170781671889	experiments/results/mdl_ablation_c6_decoder_mps_s3007_20260514_codex/c6_dec_mps_s3007_mdl_ablation.json
17772	36.05170781671889	experiments/results/mdl_ablation_c6_decoder_mps_s3007_20260514_codex/c6_dec_mps_s3007_mdl_ablation.json
43515	36.05170781671889	experiments/results/mdl_ablation_c6_decoder_mps_s3007_20260514_codex/c6_dec_mps_s3007_mdl_ablation.json
54982	36.05170781671889	experiments/results/mdl_ablation_c6_decoder_mps_s3007_20260514_codex/c6_dec_mps_s3007_mdl_ablation.json
66814	36.05170781671889	experiments/results/mdl_ablation_c6_decoder_mps_s3007_20260514_codex/c6_dec_mps_s3007_mdl_ablation.json
90489	36.05170781671889	experiments/results/mdl_ablation_c6_decoder_mps_s3007_20260514_codex/c6_dec_mps_s3007_mdl_ablation.json
95527	36.05170781671889	experiments/results/mdl_ablation_c6_decoder_mps_s3007_20260514_codex/c6_dec_mps_s3007_mdl_ablation.json
127345	36.172317885686994	experiments/results/mdl_ablation_c6_decoder_mps_s3003_20260514_codex/c6_dec_mps_s3003_mdl_ablation.json
46485	36.189782399760006	experiments/results/mdl_ablation_c6_decoder_mps_s3004_20260514_codex/c6_dec_mps_s3004_mdl_ablation.json
58631	36.189782399760006	experiments/results/mdl_ablation_c6_decoder_mps_s3004_20260514_codex/c6_dec_mps_s3004_mdl_ablation.json
78480	36.189782399760006	experiments/results/mdl_ablation_c6_decoder_mps_s3004_20260514_codex/c6_dec_mps_s3004_mdl_ablation.json
32873	36.198092698133266	experiments/results/mdl_ablation_c6_decoder_mps_s3005_20260514_codex/c6_dec_mps_s3005_mdl_ablation.json
66692	36.198092698133266	experiments/results/mdl_ablation_c6_decoder_mps_s3005_20260514_codex/c6_dec_mps_s3005_mdl_ablation.json
76824	36.198092698133266	experiments/results/mdl_ablation_c6_decoder_mps_s3005_20260514_codex/c6_dec_mps_s3005_mdl_ablation.json
84553	36.198092698133266	experiments/results/mdl_ablation_c6_decoder_mps_s3005_20260514_codex/c6_dec_mps_s3005_mdl_ablation.json
103106	36.25954495763369	experiments/results/mdl_ablation_c6_decoder_mps_s3006_20260514_codex/c6_dec_mps_s3006_mdl_ablation.json
5288	36.25954495763369	experiments/results/mdl_ablation_c6_decoder_mps_s3006_20260514_codex/c6_dec_mps_s3006_mdl_ablation.json
16003	36.274129113731966	experiments/results/mdl_ablation_c6_decoder_mps_s3008_20260514_codex/c6_dec_mps_s3008_mdl_ablation.json
41632	36.274129113731966	experiments/results/mdl_ablation_c6_decoder_mps_s3008_20260514_codex/c6_dec_mps_s3008_mdl_ablation.json
70920	36.274129113731966	experiments/results/mdl_ablation_c6_decoder_mps_s3008_20260514_codex/c6_dec_mps_s3008_mdl_ablation.json
75989	36.274129113731966	experiments/results/mdl_ablation_c6_decoder_mps_s3008_20260514_codex/c6_dec_mps_s3008_mdl_ablation.json
87359	36.274129113731966	experiments/results/mdl_ablation_c6_decoder_mps_s3008_20260514_codex/c6_dec_mps_s3008_mdl_ablation.json
101662	36.46243127970391	experiments/results/mdl_ablation_c6_decoder_mps_s3002_20260514_codex/c6_dec_mps_s3002_mdl_ablation.json
86737	36.46243127970391	experiments/results/mdl_ablation_c6_decoder_mps_s3002_20260514_codex/c6_dec_mps_s3002_mdl_ablation.json
124925	36.477808949351974	experiments/results/mdl_ablation_c6_decoder_mps_s3001_20260514_codex/c6_dec_mps_s3001_mdl_ablation.json
17319	36.477808949351974	experiments/results/mdl_ablation_c6_decoder_mps_s3001_20260514_codex/c6_dec_mps_s3001_mdl_ablation.json
20339	36.477808949351974	experiments/results/mdl_ablation_c6_decoder_mps_s3001_20260514_codex/c6_dec_mps_s3001_mdl_ablation.json
55792	36.477808949351974	experiments/results/mdl_ablation_c6_decoder_mps_s3001_20260514_codex/c6_dec_mps_s3001_mdl_ablation.json
84116	36.477808949351974	experiments/results/mdl_ablation_c6_decoder_mps_s3001_20260514_codex/c6_dec_mps_s3001_mdl_ablation.json
87154	36.477808949351974	experiments/results/mdl_ablation_c6_decoder_mps_s3001_20260514_codex/c6_dec_mps_s3001_mdl_ablation.json
